character_key,first_source_id,immortal_statuses,immortal_categories,is_maiar_muddler,honorary_immortal,reason,review_status
Access,2026_06_16_retired_immortals,retired,Boardreaders,no,no,immortal_list_2026_06_16,candidate
Acke,2026_06_16_retired_immortals,retired,Boardreaders,no,no,immortal_list_2026_06_16,candidate
Ada,2026_06_16_retired_immortals,retired,Boardreaders,no,no,immortal_list_2026_06_16,candidate
Adara,2026_06_16_retired_immortals,retired,Boardreaders,no,no,immortal_list_2026_06_16,candidate
Aderel,2026_06_16_retired_immortals,retired,Boardreaders,no,no,immortal_list_2026_06_16,candidate
Aderyn,2026_06_16_retired_immortals,retired,Maiar,no,no,immortal_list_2026_06_16,candidate
Aellynn,2026_06_16_retired_immortals,retired,Boardreaders,no,no,immortal_list_2026_06_16,candidate
Aetirus,2026_06_16_retired_immortals,retired,Boardreaders,no,no,immortal_list_2026_06_16,candidate
Agamand,2026_06_16_retired_immortals,retired,Boardreaders,no,no,immortal_list_2026_06_16,candidate
Aglaruin,2026_06_16_retired_immortals,retired,Boardreaders,no,no,immortal_list_2026_06_16,candidate
Ahti,2026_06_16_retired_immortals,retired,Boardreaders,no,no,immortal_list_2026_06_16,candidate
Ahura,2026_06_16_retired_immortals,retired,Boardreaders,no,no,immortal_list_2026_06_16,candidate
Aielë,2026_06_16_retired_immortals,retired,Maiar,no,no,immortal_list_2026_06_16,candidate
Aikios,2026_06_16_retired_immortals,retired,Boardreaders,no,no,immortal_list_2026_06_16,candidate
Ainagul,2026_06_16_retired_immortals,retired,Boardreaders,no,no,immortal_list_2026_06_16,candidate
Air,2026_06_16_retired_immortals,retired,Boardreaders,no,no,immortal_list_2026_06_16,candidate
Ajax,2026_06_16_retired_immortals,retired,Boardreaders,no,no,immortal_list_2026_06_16,candidate
Akihiko,2026_06_16_retired_immortals,retired,Boardreaders,no,no,immortal_list_2026_06_16,candidate
Alamar,2026_06_16_retired_immortals,retired,Maiar,no,no,immortal_list_2026_06_16,candidate
Alantir,2026_06_16_retired_immortals,retired,Maiar,no,no,immortal_list_2026_06_16,candidate
Alderon,2026_06_16_retired_immortals,retired,Boardreaders,no,no,immortal_list_2026_06_16,candidate
Aldor,2026_06_16_retired_immortals,retired,Boardreaders,no,no,immortal_list_2026_06_16,candidate
Aldro,2026_06_16_retired_immortals,retired,Boardreaders,no,no,immortal_list_2026_06_16,candidate
Alec,2026_06_16_retired_immortals,retired,Boardreaders,no,no,immortal_list_2026_06_16,candidate
Aleksey,2026_06_16_retired_immortals,retired,Boardreaders,no,no,immortal_list_2026_06_16,candidate
Algolas,2026_06_16_retired_immortals,retired,Boardreaders,no,no,immortal_list_2026_06_16,candidate
Alkar,2026_06_16_retired_immortals,retired,Valar,no,no,immortal_list_2026_06_16,candidate
Almarea,2026_06_16_retired_immortals,retired,Boardreaders,no,no,immortal_list_2026_06_16,candidate
Almarian,2026_06_16_current_immortals,current,Maiar,no,no,immortal_list_2026_06_16,candidate
Aloonion,2026_06_16_current_immortals,current,Maiar,yes,no,immortal_list_2026_06_16,candidate
Alysia,2026_06_16_retired_immortals,retired,Maiar,no,no,immortal_list_2026_06_16,candidate
Amandil,2026_06_16_retired_immortals,retired,Valar,no,no,immortal_list_2026_06_16,candidate
Ame,2026_06_16_retired_immortals,retired,Boardreaders,no,no,immortal_list_2026_06_16,candidate
Amlion,2026_06_16_retired_immortals,retired,Maiar,no,no,immortal_list_2026_06_16,candidate
Ammon,2026_06_16_retired_immortals,retired,Maiar,no,no,immortal_list_2026_06_16,candidate
Amras,2026_06_16_retired_immortals,retired,Boardreaders,no,no,immortal_list_2026_06_16,candidate
Ancalagon,2026_06_16_retired_immortals,retired,Valar,no,no,immortal_list_2026_06_16,candidate
Andela,2026_06_16_retired_immortals,retired,Boardreaders,no,no,immortal_list_2026_06_16,candidate
Andreas,2026_06_16_retired_immortals,retired,Boardreaders,no,no,immortal_list_2026_06_16,candidate
Andróg,2026_06_16_current_immortals,current,Maiar,no,no,immortal_list_2026_06_16,candidate
Ankamon,2026_06_16_retired_immortals,retired,Boardreaders,no,no,immortal_list_2026_06_16,candidate
Anne,2026_06_16_retired_immortals,retired,Maiar,no,no,immortal_list_2026_06_16,candidate
Anthrax,2026_06_16_retired_immortals,retired,Maiar,no,no,immortal_list_2026_06_16,candidate
Antti,2026_06_16_current_immortals,current,Valar,no,no,immortal_list_2026_06_16,candidate
Anólad,2026_06_16_current_immortals,current,Maiar,no,no,immortal_list_2026_06_16,candidate
Anómyr,2026_06_16_retired_immortals,retired,Boardreaders,no,no,immortal_list_2026_06_16,candidate
Apalonia,2026_06_16_current_immortals,current,Maiar,no,no,immortal_list_2026_06_16,candidate
Apolline,2026_06_16_retired_immortals,retired,Boardreaders,no,no,immortal_list_2026_06_16,candidate
Aratan,2026_06_16_retired_immortals,retired,Maiar,no,no,immortal_list_2026_06_16,candidate
Arathorn,2026_06_16_retired_immortals,retired,Valar,no,no,immortal_list_2026_06_16,candidate
Araw,2026_06_16_retired_immortals,retired,Boardreaders,no,no,immortal_list_2026_06_16,candidate
Arcane,2026_06_16_current_immortals,current,Maiar,yes,no,immortal_list_2026_06_16,candidate
Aredhel,2026_06_16_retired_immortals,retired,Valar,no,no,immortal_list_2026_06_16,candidate
Ares,2026_06_16_retired_immortals,retired,Boardreaders,no,no,immortal_list_2026_06_16,candidate
Arfang,2026_06_16_current_immortals,current,Valar,no,no,immortal_list_2026_06_16,candidate
Ariakas,2026_06_16_retired_immortals,retired,Maiar,no,no,immortal_list_2026_06_16,candidate
Ariana,2026_06_16_retired_immortals,retired,Maiar,no,no,immortal_list_2026_06_16,candidate
Arien,2026_06_16_retired_immortals,retired,Boardreaders,no,no,immortal_list_2026_06_16,candidate
Aries,2026_06_16_retired_immortals,retired,Boardreaders,no,no,immortal_list_2026_06_16,candidate
Arina,2026_06_16_retired_immortals,retired,Boardreaders,no,no,immortal_list_2026_06_16,candidate
Arion,2026_06_16_retired_immortals,retired,Aratar,no,no,immortal_list_2026_06_16,candidate
Aris,2026_06_16_retired_immortals,retired,Boardreaders,no,no,immortal_list_2026_06_16,candidate
Ark,2026_06_16_retired_immortals,retired,Boardreaders,no,no,immortal_list_2026_06_16,candidate
Arla,2026_06_16_retired_immortals,retired,Valar,no,no,immortal_list_2026_06_16,candidate
Armin,2026_06_16_retired_immortals,retired,Boardreaders,no,no,immortal_list_2026_06_16,candidate
Arthad,2026_06_16_retired_immortals,retired,Boardreaders,no,no,immortal_list_2026_06_16,candidate
Atanatar,2026_06_16_retired_immortals,retired,Maiar,no,no,immortal_list_2026_06_16,candidate
Atani,2026_06_16_retired_immortals,retired,Boardreaders,no,no,immortal_list_2026_06_16,candidate
Atlas,2026_06_16_retired_immortals,retired,Maiar,no,no,immortal_list_2026_06_16,candidate
Aule,2026_06_16_retired_immortals,retired,Maiar,no,no,immortal_list_2026_06_16,candidate
Auriane,2026_06_16_retired_immortals,retired,Boardreaders,no,no,immortal_list_2026_06_16,candidate
Ausir,2026_06_16_retired_immortals,retired,Valar,no,no,immortal_list_2026_06_16,candidate
Avatar,2026_06_16_retired_immortals,retired,Boardreaders,no,no,immortal_list_2026_06_16,candidate
Avitar,2026_06_16_retired_immortals,retired,Valar,no,no,immortal_list_2026_06_16,candidate
Awhanil,2026_06_16_retired_immortals,retired,Boardreaders,no,no,immortal_list_2026_06_16,candidate
Awreth,2026_06_16_retired_immortals,retired,Boardreaders,no,no,immortal_list_2026_06_16,candidate
Axel,2026_06_16_retired_immortals,retired,Valar,no,no,immortal_list_2026_06_16,candidate
Azaghâl,2026_06_16_retired_immortals,retired,Valar,no,no,immortal_list_2026_06_16,candidate
Azan,2026_06_16_current_immortals,current,Maiar,no,no,immortal_list_2026_06_16,candidate
Babe,2026_06_16_retired_immortals,retired,Maiar,no,no,immortal_list_2026_06_16,candidate
Badger,2026_06_16_retired_immortals,retired,Valar,no,no,immortal_list_2026_06_16,candidate
Bahrud,2026_06_16_retired_immortals,retired,Boardreaders,no,no,immortal_list_2026_06_16,candidate
Bairanax,2026_06_16_retired_immortals,retired,Boardreaders,no,no,immortal_list_2026_06_16,candidate
Baldur,2026_06_16_retired_immortals,retired,Boardreaders,no,no,immortal_list_2026_06_16,candidate
Balux,2026_06_16_retired_immortals,retired,Boardreaders,no,no,immortal_list_2026_06_16,candidate
Bambuk,2026_06_16_retired_immortals,retired,Maiar,no,no,immortal_list_2026_06_16,candidate
Bantak,2026_06_16_current_immortals,current,Maiar,no,no,immortal_list_2026_06_16,candidate
Barinak,2026_06_16_current_immortals,current,Maiar,no,no,immortal_list_2026_06_16,candidate
Barloen,2026_06_16_retired_immortals,retired,Boardreaders,no,no,immortal_list_2026_06_16,candidate
Barney,2026_06_16_retired_immortals,retired,Maiar,no,no,immortal_list_2026_06_16,candidate
Baw,2026_06_16_retired_immortals,retired,Boardreaders,no,no,immortal_list_2026_06_16,candidate
Bayd,2026_06_16_retired_immortals,retired,Boardreaders,no,no,immortal_list_2026_06_16,candidate
Becha,2026_06_16_retired_immortals,retired,Maiar,no,no,immortal_list_2026_06_16,candidate
Becrux,2026_06_16_retired_immortals,retired,Boardreaders,no,no,immortal_list_2026_06_16,candidate
Beldin,2026_06_16_retired_immortals,retired,Boardreaders,no,no,immortal_list_2026_06_16,candidate
Belegor,2026_06_16_retired_immortals,retired,Maiar,no,no,immortal_list_2026_06_16,candidate
Belegurthruin,2026_06_16_current_immortals,current,Maiar,no,no,immortal_list_2026_06_16,candidate
Belenos,2026_06_16_retired_immortals,retired,Maiar,no,no,immortal_list_2026_06_16,candidate
Belewor,2026_06_16_retired_immortals,retired,Boardreaders,no,no,immortal_list_2026_06_16,candidate
Belmir,2026_06_16_retired_immortals,retired,Boardreaders,no,no,immortal_list_2026_06_16,candidate
Beran,2026_06_16_retired_immortals,retired,Boardreaders,no,no,immortal_list_2026_06_16,candidate
Beregond,2026_06_16_retired_immortals,retired,Maiar,no,no,immortal_list_2026_06_16,candidate
Berek,2026_06_16_retired_immortals,retired,Boardreaders,no,no,immortal_list_2026_06_16,candidate
Berend,2026_06_16_current_immortals,current,Maiar,no,no,immortal_list_2026_06_16,candidate
Berogond,2026_06_16_retired_immortals,retired,Boardreaders,no,no,immortal_list_2026_06_16,candidate
Betsy,2026_06_16_retired_immortals,retired,Boardreaders,no,no,immortal_list_2026_06_16,candidate
Bit,2026_06_16_retired_immortals,retired,Maiar,no,no,immortal_list_2026_06_16,candidate
Bjorne,2026_06_16_retired_immortals,retired,Boardreaders,no,no,immortal_list_2026_06_16,candidate
Björn,2026_06_16_current_immortals,current,Maiar,no,no,immortal_list_2026_06_16,candidate
Blackfox,2026_06_16_retired_immortals,retired,Boardreaders,no,no,immortal_list_2026_06_16,candidate
Bladorfat,2026_06_16_current_immortals,current,Maiar,no,no,immortal_list_2026_06_16,candidate
Blimb,2026_06_16_retired_immortals,retired,Maiar,no,no,immortal_list_2026_06_16,candidate
Bobbie,2026_06_16_retired_immortals,retired,Boardreaders,no,no,immortal_list_2026_06_16,candidate
Bodruith,2026_06_16_retired_immortals,retired,Boardreaders,no,no,immortal_list_2026_06_16,candidate
Boing,2026_06_16_retired_immortals,retired,Boardreaders,no,no,immortal_list_2026_06_16,candidate
Bomber,2026_06_16_retired_immortals,retired,Boardreaders,no,no,immortal_list_2026_06_16,candidate
Bore,2026_06_16_retired_immortals,retired,Boardreaders,no,no,immortal_list_2026_06_16,candidate
Borne,2026_06_16_retired_immortals,retired,Boardreaders,no,no,immortal_list_2026_06_16,candidate
Brandish,2026_06_16_current_immortals,current,Maiar,no,no,immortal_list_2026_06_16,candidate
Brico,2026_06_16_retired_immortals,retired,Boardreaders,no,no,immortal_list_2026_06_16,candidate
Bruce,2026_06_16_retired_immortals,retired,Boardreaders,no,no,immortal_list_2026_06_16,candidate
Brylon,2026_06_16_current_immortals,current,Maiar,no,no,immortal_list_2026_06_16,candidate
Bubla,2026_06_16_retired_immortals,retired,Boardreaders,no,no,immortal_list_2026_06_16,candidate
Bullroarer,2026_06_16_retired_immortals,retired,Boardreaders,no,no,immortal_list_2026_06_16,candidate
Burb,2026_06_16_retired_immortals,retired,Boardreaders,no,no,immortal_list_2026_06_16,candidate
Burl,2026_06_16_retired_immortals,retired,Boardreaders,no,no,immortal_list_2026_06_16,candidate
Burnus,2026_06_16_retired_immortals,retired,Maiar,no,no,immortal_list_2026_06_16,candidate
Caerroil,2026_06_16_retired_immortals,retired,Maiar,no,no,immortal_list_2026_06_16,candidate
Caesar,2026_06_16_retired_immortals,retired,Maiar,no,no,immortal_list_2026_06_16,candidate
Cai,2026_06_16_retired_immortals,retired,Boardreaders,no,no,immortal_list_2026_06_16,candidate
Caidi,2026_06_16_retired_immortals,retired,Boardreaders,no,no,immortal_list_2026_06_16,candidate
Calamity,2026_06_16_retired_immortals,retired,Boardreaders,no,no,immortal_list_2026_06_16,candidate
Caldan,2026_06_16_current_immortals,current,Maiar,no,no,immortal_list_2026_06_16,candidate
Calebin,2026_06_16_retired_immortals,retired,Maiar,no,no,immortal_list_2026_06_16,candidate
Calesto,2026_06_16_retired_immortals,retired,Boardreaders,no,no,immortal_list_2026_06_16,candidate
Calmacil,2026_06_16_retired_immortals,retired,Maiar,no,no,immortal_list_2026_06_16,candidate
Cararion,2026_06_16_retired_immortals,retired,Boardreaders,no,no,immortal_list_2026_06_16,candidate
Cardin,2026_06_16_retired_immortals,retired,Maiar,no,no,immortal_list_2026_06_16,candidate
Carousel,2026_06_16_retired_immortals,retired,Boardreaders,no,no,immortal_list_2026_06_16,candidate
Cassanunda,2026_06_16_retired_immortals,retired,Maiar,no,no,immortal_list_2026_06_16,candidate
Cedrim,2026_06_16_retired_immortals,retired,Boardreaders,no,no,immortal_list_2026_06_16,candidate
Ceeris,2026_06_16_retired_immortals,retired,Boardreaders,no,no,immortal_list_2026_06_16,candidate
Celebsil,2026_06_16_retired_immortals,retired,Maiar,no,no,immortal_list_2026_06_16,candidate
Ceno,2026_06_16_retired_immortals,retired,Boardreaders,no,no,immortal_list_2026_06_16,candidate
Ceres,2026_06_16_retired_immortals,retired,Boardreaders,no,no,immortal_list_2026_06_16,candidate
Chauncey,2026_06_16_retired_immortals,retired,Maiar,no,no,immortal_list_2026_06_16,candidate
Chavez,2026_06_16_retired_immortals,retired,Maiar,no,no,immortal_list_2026_06_16,candidate
Chay,2026_06_16_retired_immortals,retired,Maiar,no,no,immortal_list_2026_06_16,candidate
Chicken,2026_06_16_retired_immortals,retired,Maiar,no,no,immortal_list_2026_06_16,candidate
Chops,2026_06_16_retired_immortals,retired,Boardreaders,no,no,immortal_list_2026_06_16,candidate
Chrizt,2026_06_16_retired_immortals,retired,Boardreaders,no,no,immortal_list_2026_06_16,candidate
Chuck,2026_06_16_retired_immortals,retired,Boardreaders,no,no,immortal_list_2026_06_16,candidate
Ciara,2026_06_16_current_immortals,current,Maiar,no,no,immortal_list_2026_06_16,candidate
Cielo,2026_06_16_retired_immortals,retired,Boardreaders,no,no,immortal_list_2026_06_16,candidate
Ciltor,2026_06_16_current_immortals,current,Maiar,no,no,immortal_list_2026_06_16,candidate
Citygaurd,2026_06_16_retired_immortals,retired,Boardreaders,no,no,immortal_list_2026_06_16,candidate
Cliff,2026_06_16_retired_immortals,retired,Boardreaders,no,no,immortal_list_2026_06_16,candidate
Cobble,2026_06_16_retired_immortals,retired,Boardreaders,no,no,immortal_list_2026_06_16,candidate
Conklin,2026_06_16_retired_immortals,retired,Maiar,no,no,immortal_list_2026_06_16,candidate
Cookie,2026_06_16_retired_immortals,retired,Maiar,no,no,immortal_list_2026_06_16,candidate
Cormac,2026_06_16_retired_immortals,retired,Boardreaders,no,no,immortal_list_2026_06_16,candidate
Cosmos,2026_06_16_retired_immortals,retired,Boardreaders,no,no,immortal_list_2026_06_16,candidate
Covah,2026_06_16_retired_immortals,retired,Boardreaders,no,no,immortal_list_2026_06_16,candidate
Coydt,2026_06_16_retired_immortals,retired,Boardreaders,no,no,immortal_list_2026_06_16,candidate
Crazack,2026_06_16_retired_immortals,retired,Maiar,no,no,immortal_list_2026_06_16,candidate
Creston,2026_06_16_retired_immortals,retired,Maiar,no,no,immortal_list_2026_06_16,candidate
Critter,2026_06_16_retired_immortals,retired,Boardreaders,no,no,immortal_list_2026_06_16,candidate
CryHavoc,2026_06_16_retired_immortals,retired,Implementors,no,no,immortal_list_2026_06_16,candidate
Crysania,2026_06_16_retired_immortals,retired,Boardreaders,no,no,immortal_list_2026_06_16,candidate
Cuantar,2026_06_16_current_immortals,current,Maiar,no,no,immortal_list_2026_06_16,candidate
Culbor,2026_06_16_retired_immortals,retired,Boardreaders,no,no,immortal_list_2026_06_16,candidate
Curumo,2026_06_16_retired_immortals,retired,Boardreaders,no,no,immortal_list_2026_06_16,candidate
Cute,2026_06_16_retired_immortals,retired,Boardreaders,no,no,immortal_list_2026_06_16,candidate
Cúthalion,2026_06_16_retired_immortals,retired,Boardreaders,no,no,immortal_list_2026_06_16,candidate
Daemor,2026_06_16_retired_immortals,retired,Maiar,no,no,immortal_list_2026_06_16,candidate
Dand,2026_06_16_retired_immortals,retired,Boardreaders,no,no,immortal_list_2026_06_16,candidate
Daniel,2026_06_16_retired_immortals,retired,Maiar,no,no,immortal_list_2026_06_16,candidate
Darcy,2026_06_16_retired_immortals,retired,Boardreaders,no,no,immortal_list_2026_06_16,candidate
Dardhel,2026_06_16_retired_immortals,retired,Maiar,no,no,immortal_list_2026_06_16,candidate
Dargor,2026_06_16_retired_immortals,retired,Boardreaders,no,no,immortal_list_2026_06_16,candidate
Daro,2026_06_16_retired_immortals,retired,Boardreaders,no,no,immortal_list_2026_06_16,candidate
Darquin,2026_06_16_retired_immortals,retired,Boardreaders,no,no,immortal_list_2026_06_16,candidate
Darthang,2026_06_16_retired_immortals,retired,Valar,no,no,immortal_list_2026_06_16,candidate
Darvil,2026_06_16_retired_immortals,retired,Boardreaders,no,no,immortal_list_2026_06_16,candidate
Daryl,2026_06_16_retired_immortals,retired,Boardreaders,no,no,immortal_list_2026_06_16,candidate
David,2026_06_16_retired_immortals,retired,Boardreaders,no,no,immortal_list_2026_06_16,candidate
Dawnborn,2026_06_16_current_immortals,current,Maiar,no,no,immortal_list_2026_06_16,candidate
Deamon,2026_06_16_retired_immortals,retired,Boardreaders,no,no,immortal_list_2026_06_16,candidate
Deda,2026_06_16_retired_immortals,retired,Boardreaders,no,no,immortal_list_2026_06_16,candidate
Degolas,2026_06_16_retired_immortals,retired,Maiar,no,no,immortal_list_2026_06_16,candidate
Dende,2026_06_16_retired_immortals,retired,Boardreaders,no,no,immortal_list_2026_06_16,candidate
Deneth,2026_06_16_retired_immortals,retired,Boardreaders,no,no,immortal_list_2026_06_16,candidate
Deodred,2026_06_16_retired_immortals,retired,Boardreaders,no,no,immortal_list_2026_06_16,candidate
Deriel,2026_06_16_retired_immortals,retired,Boardreaders,no,no,immortal_list_2026_06_16,candidate
Destiny,2026_06_16_retired_immortals,retired,Maiar,no,no,immortal_list_2026_06_16,candidate
Dewa,2026_06_16_retired_immortals,retired,Boardreaders,no,no,immortal_list_2026_06_16,candidate
Dhalia,2026_06_16_retired_immortals,retired,Boardreaders,no,no,immortal_list_2026_06_16,candidate
Diana,2026_06_16_retired_immortals,retired,Boardreaders,no,no,immortal_list_2026_06_16,candidate
Djinn,2026_06_16_retired_immortals,retired,Maiar,no,no,immortal_list_2026_06_16,candidate
Donutello,2026_06_16_retired_immortals,retired,Maiar,no,no,immortal_list_2026_06_16,candidate
Dorien,2026_06_16_retired_immortals,retired,Maiar,no,no,immortal_list_2026_06_16,candidate
Dorin,2026_06_16_retired_immortals,retired,Maiar,no,no,immortal_list_2026_06_16,candidate
Dorn,2026_06_16_retired_immortals,retired,Maiar,no,no,immortal_list_2026_06_16,candidate
Draak,2026_06_16_retired_immortals,retired,Maiar,no,no,immortal_list_2026_06_16,candidate
Drago,2026_06_16_retired_immortals,retired,Maiar,no,no,immortal_list_2026_06_16,candidate
Drakiz,2026_06_16_retired_immortals,retired,Boardreaders,no,no,immortal_list_2026_06_16,candidate
Draught,2026_06_16_retired_immortals,retired,Aratar,no,no,immortal_list_2026_06_16,candidate
Drink,2026_06_16_retired_immortals,retired,Boardreaders,no,no,immortal_list_2026_06_16,candidate
Drugar,2026_06_16_retired_immortals,retired,Maiar,no,no,immortal_list_2026_06_16,candidate
Drugo,2026_06_16_current_immortals,current,Maiar,no,no,immortal_list_2026_06_16,candidate
Dryden,2026_06_16_retired_immortals,retired,Boardreaders,no,no,immortal_list_2026_06_16,candidate
Dröm,2026_06_16_retired_immortals,retired,Boardreaders,no,no,immortal_list_2026_06_16,candidate
Durin,2026_06_16_retired_immortals,retired,Maiar,no,no,immortal_list_2026_06_16,candidate
Durmegil,2026_06_16_current_immortals,current,Maiar,no,no,immortal_list_2026_06_16,candidate
Dushmoll,2026_06_16_retired_immortals,retired,Boardreaders,no,no,immortal_list_2026_06_16,candidate
Dáin,2026_06_16_current_immortals,current,Aratar,no,no,immortal_list_2026_06_16,candidate
Déja,2026_06_16_retired_immortals,retired,Boardreaders,no,no,immortal_list_2026_06_16,candidate
Déor,2026_06_16_retired_immortals,retired,Valar,no,no,immortal_list_2026_06_16,candidate
Dúlin,2026_06_16_retired_immortals,retired,Boardreaders,no,no,immortal_list_2026_06_16,candidate
Earolon,2026_06_16_retired_immortals,retired,Boardreaders,no,no,immortal_list_2026_06_16,candidate
Edomir,2026_06_16_retired_immortals,retired,Boardreaders,no,no,immortal_list_2026_06_16,candidate
Edvard,2026_06_16_retired_immortals,retired,Boardreaders,no,no,immortal_list_2026_06_16,candidate
Eileya,2026_06_16_retired_immortals,retired,Boardreaders,no,no,immortal_list_2026_06_16,candidate
Eis,2026_06_16_retired_immortals,retired,Boardreaders,no,no,immortal_list_2026_06_16,candidate
Ekolas,2026_06_16_retired_immortals,retired,Boardreaders,no,no,immortal_list_2026_06_16,candidate
Elagorn,2026_06_16_retired_immortals,retired,Boardreaders,no,no,immortal_list_2026_06_16,candidate
Elan,2026_06_16_retired_immortals,retired,Maiar,no,no,immortal_list_2026_06_16,candidate
Elaniel,2026_06_16_retired_immortals,retired,Boardreaders,no,no,immortal_list_2026_06_16,candidate
Eldahal,2026_06_16_retired_immortals,retired,Boardreaders,no,no,immortal_list_2026_06_16,candidate
Eldamir,2026_06_16_retired_immortals,retired,Boardreaders,no,no,immortal_list_2026_06_16,candidate
Elemir,2026_06_16_current_immortals,current,Valar,no,no,immortal_list_2026_06_16,candidate
Elemmakil,2026_06_16_current_immortals,current,Maiar,no,no,immortal_list_2026_06_16,candidate
Elerrína,2026_06_16_retired_immortals,retired,Maiar,no,no,immortal_list_2026_06_16,candidate
Elfan,2026_06_16_retired_immortals,retired,Maiar,no,no,immortal_list_2026_06_16,candidate
Elistan,2026_06_16_retired_immortals,retired,Boardreaders,no,no,immortal_list_2026_06_16,candidate
Elithrandir,2026_06_16_retired_immortals,retired,Boardreaders,no,no,immortal_list_2026_06_16,candidate
Ellessar,2026_06_16_current_immortals,current,Maiar,yes,no,immortal_list_2026_06_16,candidate
Elvis,2026_06_16_retired_immortals,retired,Maiar,no,no,immortal_list_2026_06_16,candidate
Emcas,2026_06_16_retired_immortals,retired,Boardreaders,no,no,immortal_list_2026_06_16,candidate
Ender,2026_06_16_retired_immortals,retired,Boardreaders,no,no,immortal_list_2026_06_16,candidate
Endo,2026_06_16_current_immortals,current,Maiar,no,no,immortal_list_2026_06_16,candidate
Endor,2026_06_16_retired_immortals,retired,Boardreaders,no,no,immortal_list_2026_06_16,candidate
Enerdhil,2026_06_16_retired_immortals,retired,Boardreaders,no,no,immortal_list_2026_06_16,candidate
Enforcer,2026_06_16_retired_immortals,retired,Boardreaders,no,no,immortal_list_2026_06_16,candidate
Ennui,2026_06_16_current_immortals,current,Maiar,no,no,immortal_list_2026_06_16,candidate
Eolung,2026_06_16_retired_immortals,retired,Maiar,no,no,immortal_list_2026_06_16,candidate
Eoras,2026_06_16_current_immortals,current,Maiar,no,no,immortal_list_2026_06_16,candidate
Eporedax,2026_06_16_retired_immortals,retired,Boardreaders,no,no,immortal_list_2026_06_16,candidate
Erach,2026_06_16_retired_immortals,retired,Boardreaders,no,no,immortal_list_2026_06_16,candidate
Erat,2026_06_16_retired_immortals,retired,Boardreaders,no,no,immortal_list_2026_06_16,candidate
Erekosë,2026_06_16_current_immortals,current,Maiar,no,no,immortal_list_2026_06_16,candidate
Erent,2026_06_16_retired_immortals,retired,Maiar,no,no,immortal_list_2026_06_16,candidate
Erg,2026_06_16_retired_immortals,retired,Maiar,no,no,immortal_list_2026_06_16,candidate
Erika,2026_06_16_retired_immortals,retired,Boardreaders,no,no,immortal_list_2026_06_16,candidate
Erios,2026_06_16_retired_immortals,retired,Boardreaders,no,no,immortal_list_2026_06_16,candidate
Erl,2026_06_16_retired_immortals,retired,Boardreaders,no,no,immortal_list_2026_06_16,candidate
Eru,2026_06_16_current_immortals,current,Implementors,no,no,immortal_list_2026_06_16,candidate
Esen,2026_06_16_retired_immortals,retired,Boardreaders,no,no,immortal_list_2026_06_16,candidate
Estike,2026_06_16_retired_immortals,retired,Boardreaders,no,no,immortal_list_2026_06_16,candidate
Evandaar,2026_06_16_current_immortals,current,Maiar,no,no,immortal_list_2026_06_16,candidate
Everminda,2026_06_16_retired_immortals,retired,Maiar,no,no,immortal_list_2026_06_16,candidate
Eärendel,2026_06_16_retired_immortals,retired,Maiar,no,no,immortal_list_2026_06_16,candidate
Eärendil,2026_06_16_retired_immortals,retired,Valar,no,no,immortal_list_2026_06_16,candidate
Eönwe,2026_06_16_retired_immortals,retired,Valar,no,no,immortal_list_2026_06_16,candidate
Faeythe,2026_06_16_retired_immortals,retired,Boardreaders,no,no,immortal_list_2026_06_16,candidate
Faint,2026_06_16_retired_immortals,retired,Boardreaders,no,no,immortal_list_2026_06_16,candidate
Fakhr,2026_06_16_retired_immortals,retired,Maiar,no,no,immortal_list_2026_06_16,candidate
Falch,2026_06_16_retired_immortals,retired,Maiar,no,no,immortal_list_2026_06_16,candidate
Faloth,2026_06_16_retired_immortals,retired,Maiar,no,no,immortal_list_2026_06_16,candidate
Fankil,2026_06_16_current_immortals,current,Maiar,no,no,immortal_list_2026_06_16,candidate
Farin,2026_06_16_retired_immortals,retired,Boardreaders,no,no,immortal_list_2026_06_16,candidate
Fastdanr,2026_06_16_retired_immortals,retired,Boardreaders,no,no,immortal_list_2026_06_16,candidate
Fed,2026_06_16_retired_immortals,retired,Boardreaders,no,no,immortal_list_2026_06_16,candidate
Felbad,2026_06_16_retired_immortals,retired,Boardreaders,no,no,immortal_list_2026_06_16,candidate
Fenderjaguar,2026_06_16_retired_immortals,retired,Boardreaders,no,no,immortal_list_2026_06_16,candidate
Feon,2026_06_16_retired_immortals,retired,Boardreaders,no,no,immortal_list_2026_06_16,candidate
Ferguson,2026_06_16_retired_immortals,retired,Boardreaders,no,no,immortal_list_2026_06_16,candidate
Feri,2026_06_16_retired_immortals,retired,Boardreaders,no,no,immortal_list_2026_06_16,candidate
Ferumbras,2026_06_16_retired_immortals,retired,Maiar,no,no,immortal_list_2026_06_16,candidate
Fgiri,2026_06_16_retired_immortals,retired,Boardreaders,no,no,immortal_list_2026_06_16,candidate
Fidel,2026_06_16_retired_immortals,retired,Boardreaders,no,no,immortal_list_2026_06_16,candidate
Fili,2026_06_16_retired_immortals,retired,Aratar,no,no,immortal_list_2026_06_16,candidate
Filibert,2026_06_16_retired_immortals,retired,Boardreaders,no,no,immortal_list_2026_06_16,candidate
Filmus,2026_06_16_retired_immortals,retired,Maiar,no,no,immortal_list_2026_06_16,candidate
Findor,2026_06_16_retired_immortals,retired,Boardreaders,no,no,immortal_list_2026_06_16,candidate
Fint,2026_06_16_retired_immortals,retired,Boardreaders,no,no,immortal_list_2026_06_16,candidate
Finwë,2026_06_16_current_immortals,current,Maiar,no,no,immortal_list_2026_06_16,candidate
Fionwë,2026_06_16_retired_immortals,retired,Boardreaders,no,no,immortal_list_2026_06_16,candidate
Firebolt,2026_06_16_retired_immortals,retired,Maiar,no,no,immortal_list_2026_06_16,candidate
Flash,2026_06_16_retired_immortals,retired,Boardreaders,no,no,immortal_list_2026_06_16,candidate
Fluk,2026_06_16_retired_immortals,retired,Boardreaders,no,no,immortal_list_2026_06_16,candidate
Fog,2026_06_16_retired_immortals,retired,Maiar,no,no,immortal_list_2026_06_16,candidate
Foin,2026_06_16_retired_immortals,retired,Maiar,no,no,immortal_list_2026_06_16,candidate
Foobitz,2026_06_16_retired_immortals,retired,Maiar,no,no,immortal_list_2026_06_16,candidate
Force,2026_06_16_current_immortals,current,Valar,no,no,immortal_list_2026_06_16,candidate
Ford,2026_06_16_retired_immortals,retired,Boardreaders,no,no,immortal_list_2026_06_16,candidate
Fornax,2026_06_16_retired_immortals,retired,Maiar,no,no,immortal_list_2026_06_16,candidate
Foroil,2026_06_16_retired_immortals,retired,Maiar,no,no,immortal_list_2026_06_16,candidate
Fredde,2026_06_16_retired_immortals,retired,Maiar,no,no,immortal_list_2026_06_16,candidate
Freedom,2026_06_16_retired_immortals,retired,Boardreaders,no,no,immortal_list_2026_06_16,candidate
Freeway,2026_06_16_retired_immortals,retired,Boardreaders,no,no,immortal_list_2026_06_16,candidate
Freyah,2026_06_16_retired_immortals,retired,Boardreaders,no,no,immortal_list_2026_06_16,candidate
Freyja,2026_06_16_retired_immortals,retired,Maiar,no,no,immortal_list_2026_06_16,candidate
Fron,2026_06_16_retired_immortals,retired,Boardreaders,no,no,immortal_list_2026_06_16,candidate
Frór,2026_06_16_current_immortals,current,Aratar,no,no,immortal_list_2026_06_16,candidate
Fumble,2026_06_16_retired_immortals,retired,Boardreaders,no,no,immortal_list_2026_06_16,candidate
Fènrir,2026_06_16_retired_immortals,retired,Boardreaders,no,no,immortal_list_2026_06_16,candidate
Fëagil,2026_06_16_retired_immortals,retired,Maiar,no,no,immortal_list_2026_06_16,candidate
Fëanor,2026_06_16_retired_immortals,retired,Valar,no,no,immortal_list_2026_06_16,candidate
Gablgin,2026_06_16_retired_immortals,retired,Boardreaders,no,no,immortal_list_2026_06_16,candidate
Galaviel,2026_06_16_retired_immortals,retired,Boardreaders,no,no,immortal_list_2026_06_16,candidate
Galen,2026_06_16_retired_immortals,retired,Valar,no,no,immortal_list_2026_06_16,candidate
Gamór,2026_06_16_current_immortals,current,Maiar,yes,no,immortal_list_2026_06_16,candidate
Gandalug,2026_06_16_retired_immortals,retired,Boardreaders,no,no,immortal_list_2026_06_16,candidate
Gathen,2026_06_16_retired_immortals,retired,Maiar,no,no,immortal_list_2026_06_16,candidate
Gattling,2026_06_16_retired_immortals,retired,Maiar,no,no,immortal_list_2026_06_16,candidate
Gaul,2026_06_16_retired_immortals,retired,Maiar,no,no,immortal_list_2026_06_16,candidate
Gauss,2026_06_16_retired_immortals,retired,Boardreaders,no,no,immortal_list_2026_06_16,candidate
Gawain,2026_06_16_retired_immortals,retired,Boardreaders,no,no,immortal_list_2026_06_16,candidate
Gefe,2026_06_16_retired_immortals,retired,Maiar,no,no,immortal_list_2026_06_16,candidate
Gehrman,2026_06_16_retired_immortals,retired,Boardreaders,no,no,immortal_list_2026_06_16,candidate
Genbu,2026_06_16_retired_immortals,retired,Boardreaders,no,no,immortal_list_2026_06_16,candidate
Gertrude,2026_06_16_retired_immortals,retired,Maiar,no,no,immortal_list_2026_06_16,candidate
Gevald,2026_06_16_retired_immortals,retired,Boardreaders,no,no,immortal_list_2026_06_16,candidate
Ghostly,2026_06_16_retired_immortals,retired,Valar,no,no,immortal_list_2026_06_16,candidate
Ghrym,2026_06_16_retired_immortals,retired,Boardreaders,no,no,immortal_list_2026_06_16,candidate
Gilgala,2026_06_16_retired_immortals,retired,Maiar,no,no,immortal_list_2026_06_16,candidate
Gili,2026_06_16_retired_immortals,retired,Boardreaders,no,no,immortal_list_2026_06_16,candidate
Gilthanas,2026_06_16_retired_immortals,retired,Boardreaders,no,no,immortal_list_2026_06_16,candidate
Gnomette,2026_06_16_retired_immortals,retired,Maiar,no,no,immortal_list_2026_06_16,candidate
Gomtuu,2026_06_16_retired_immortals,retired,Boardreaders,no,no,immortal_list_2026_06_16,candidate
Gonfor,2026_06_16_retired_immortals,retired,Maiar,no,no,immortal_list_2026_06_16,candidate
Good,2026_06_16_retired_immortals,retired,Maiar,no,no,immortal_list_2026_06_16,candidate
Gordanin,2026_06_16_retired_immortals,retired,Boardreaders,no,no,immortal_list_2026_06_16,candidate
Gorefang,2026_06_16_retired_immortals,retired,Boardreaders,no,no,immortal_list_2026_06_16,candidate
Gorth,2026_06_16_retired_immortals,retired,Boardreaders,no,no,immortal_list_2026_06_16,candidate
Gothmog,2026_06_16_retired_immortals,retired,Valar,no,no,immortal_list_2026_06_16,candidate
Gothûrzaz,2026_06_16_current_immortals,current,Maiar,no,no,immortal_list_2026_06_16,candidate
Gozer,2026_06_16_retired_immortals,retired,Boardreaders,no,no,immortal_list_2026_06_16,candidate
Graven,2026_06_16_current_immortals,current,Maiar,yes,no,immortal_list_2026_06_16,candidate
Grax,2026_06_16_retired_immortals,retired,Maiar,no,no,immortal_list_2026_06_16,candidate
Grennif,2026_06_16_retired_immortals,retired,Boardreaders,no,no,immortal_list_2026_06_16,candidate
Grimble,2026_06_16_retired_immortals,retired,Maiar,no,no,immortal_list_2026_06_16,candidate
Grin,2026_06_16_retired_immortals,retired,Boardreaders,no,no,immortal_list_2026_06_16,candidate
Grizz,2026_06_16_retired_immortals,retired,Boardreaders,no,no,immortal_list_2026_06_16,candidate
Gruenthar,2026_06_16_retired_immortals,retired,Valar,no,no,immortal_list_2026_06_16,candidate
Grumble,2026_06_16_retired_immortals,retired,Maiar,no,no,immortal_list_2026_06_16,candidate
Grung,2026_06_16_retired_immortals,retired,Boardreaders,no,no,immortal_list_2026_06_16,candidate
Grunge,2026_06_16_retired_immortals,retired,Boardreaders,no,no,immortal_list_2026_06_16,candidate
Gruumph,2026_06_16_retired_immortals,retired,Boardreaders,no,no,immortal_list_2026_06_16,candidate
Gríma,2026_06_16_retired_immortals,retired,Maiar,no,no,immortal_list_2026_06_16,candidate
Guilin,2026_06_16_retired_immortals,retired,Boardreaders,no,no,immortal_list_2026_06_16,candidate
Guzzi,2026_06_16_retired_immortals,retired,Boardreaders,no,no,immortal_list_2026_06_16,candidate
Gwaywffon,2026_06_16_retired_immortals,retired,Maiar,no,no,immortal_list_2026_06_16,candidate
Gwen,2026_06_16_retired_immortals,retired,Boardreaders,no,no,immortal_list_2026_06_16,candidate
Gwendolyn,2026_06_16_retired_immortals,retired,Boardreaders,no,no,immortal_list_2026_06_16,candidate
Haelon,2026_06_16_retired_immortals,retired,Boardreaders,no,no,immortal_list_2026_06_16,candidate
Hail,2026_06_16_retired_immortals,retired,Boardreaders,no,no,immortal_list_2026_06_16,candidate
Halal,2026_06_16_retired_immortals,retired,Boardreaders,no,no,immortal_list_2026_06_16,candidate
Hambag,2026_06_16_retired_immortals,retired,Boardreaders,no,no,immortal_list_2026_06_16,candidate
Hanne,2026_06_16_current_immortals,current,Maiar,no,no,immortal_list_2026_06_16,candidate
Hanse,2026_06_16_retired_immortals,retired,Maiar,no,no,immortal_list_2026_06_16,candidate
Harad,2026_06_16_retired_immortals,retired,Maiar,no,no,immortal_list_2026_06_16,candidate
Harco,2026_06_16_retired_immortals,retired,Boardreaders,no,no,immortal_list_2026_06_16,candidate
Heigo,2026_06_16_retired_immortals,retired,Boardreaders,no,no,immortal_list_2026_06_16,candidate
Helene,2026_06_16_retired_immortals,retired,Maiar,no,no,immortal_list_2026_06_16,candidate
Helevorn,2026_06_16_retired_immortals,retired,Maiar,no,no,immortal_list_2026_06_16,candidate
Helluin,2026_06_16_current_immortals,current,Maiar,no,no,immortal_list_2026_06_16,candidate
Helmuta,2026_06_16_retired_immortals,retired,Boardreaders,no,no,immortal_list_2026_06_16,candidate
Hermatic,2026_06_16_retired_immortals,retired,Boardreaders,no,no,immortal_list_2026_06_16,candidate
Highlander,2026_06_16_retired_immortals,retired,Boardreaders,no,no,immortal_list_2026_06_16,candidate
Hillar,2026_06_16_retired_immortals,retired,Boardreaders,no,no,immortal_list_2026_06_16,candidate
Hobbi,2026_06_16_retired_immortals,retired,Maiar,no,no,immortal_list_2026_06_16,candidate
Hobit,2026_06_16_current_immortals,current,Maiar,no,no,immortal_list_2026_06_16,candidate
Hoho,2026_06_16_retired_immortals,retired,Maiar,no,no,immortal_list_2026_06_16,candidate
Holma,2026_06_16_retired_immortals,retired,Boardreaders,no,no,immortal_list_2026_06_16,candidate
Hoosier,2026_06_16_current_immortals,current,Maiar,no,no,immortal_list_2026_06_16,candidate
Hrym,2026_06_16_retired_immortals,retired,Boardreaders,no,no,immortal_list_2026_06_16,candidate
Huan,2026_06_16_retired_immortals,retired,Boardreaders,no,no,immortal_list_2026_06_16,candidate
Humala,2026_06_16_retired_immortals,retired,Boardreaders,no,no,immortal_list_2026_06_16,candidate
Humpty,2026_06_16_retired_immortals,retired,Boardreaders,no,no,immortal_list_2026_06_16,candidate
Huron,2026_06_16_retired_immortals,retired,Boardreaders,no,no,immortal_list_2026_06_16,candidate
Hza,2026_06_16_retired_immortals,retired,Maiar,no,no,immortal_list_2026_06_16,candidate
Húrin,2026_06_16_retired_immortals,retired,Boardreaders,no,no,immortal_list_2026_06_16,candidate
Idle,2026_06_16_retired_immortals,retired,Boardreaders,no,no,immortal_list_2026_06_16,candidate
Ilie,2026_06_16_retired_immortals,retired,Aratar,no,no,immortal_list_2026_06_16,candidate
Illwe,2026_06_16_retired_immortals,retired,Boardreaders,no,no,immortal_list_2026_06_16,candidate
Illüen,2026_06_16_retired_immortals,retired,Boardreaders,no,no,immortal_list_2026_06_16,candidate
Iluvator,2026_06_16_retired_immortals,retired,Maiar,no,no,immortal_list_2026_06_16,candidate
Imago,2026_06_16_current_immortals,current,Aratar,no,no,immortal_list_2026_06_16,candidate
Imatin,2026_06_16_current_immortals,current,Maiar,no,no,immortal_list_2026_06_16,candidate
Imrahil,2026_06_16_retired_immortals,retired,Boardreaders,no,no,immortal_list_2026_06_16,candidate
Incánus,2026_06_16_retired_immortals,retired,Valar,no,no,immortal_list_2026_06_16,candidate
Indigo,2026_06_16_current_immortals,current,Maiar,no,no,immortal_list_2026_06_16,candidate
Indur,2026_06_16_retired_immortals,retired,Boardreaders,no,no,immortal_list_2026_06_16,candidate
Inghorlas,2026_06_16_retired_immortals,retired,Boardreaders,no,no,immortal_list_2026_06_16,candidate
Ingtar,2026_06_16_retired_immortals,retired,Valar,no,no,immortal_list_2026_06_16,candidate
Innocent,2026_06_16_retired_immortals,retired,Boardreaders,no,no,immortal_list_2026_06_16,candidate
Inoue,2026_06_16_retired_immortals,retired,Boardreaders,no,no,immortal_list_2026_06_16,candidate
Intense,2026_06_16_current_immortals,current,Maiar,no,no,immortal_list_2026_06_16,candidate
Ioméne,2026_06_16_retired_immortals,retired,Boardreaders,no,no,immortal_list_2026_06_16,candidate
Irikan,2026_06_16_retired_immortals,retired,Maiar,no,no,immortal_list_2026_06_16,candidate
Isengrim,2026_06_16_retired_immortals,retired,Boardreaders,no,no,immortal_list_2026_06_16,candidate
Isildyr,2026_06_16_retired_immortals,retired,Maiar,no,no,immortal_list_2026_06_16,candidate
Isillómë,2026_06_16_current_immortals,current,Maiar,no,no,immortal_list_2026_06_16,candidate
Iston,2026_06_16_retired_immortals,retired,Boardreaders,no,no,immortal_list_2026_06_16,candidate
Isóldir,2026_06_16_retired_immortals,retired,Maiar,no,no,immortal_list_2026_06_16,candidate
Ithaldir,2026_06_16_retired_immortals,retired,Boardreaders,no,no,immortal_list_2026_06_16,candidate
Izual,2026_06_16_current_immortals,current,Maiar,no,no,immortal_list_2026_06_16,candidate
Izzy,2026_06_16_retired_immortals,retired,Boardreaders,no,no,immortal_list_2026_06_16,candidate
Jab,2026_06_16_current_immortals,current,Maiar,no,no,immortal_list_2026_06_16,candidate
Jabba,2026_06_16_retired_immortals,retired,Maiar,no,no,immortal_list_2026_06_16,candidate
Jadon,2026_06_16_retired_immortals,retired,Boardreaders,no,no,immortal_list_2026_06_16,candidate
Jaelle,2026_06_16_retired_immortals,retired,Maiar,no,no,immortal_list_2026_06_16,candidate
Jahara,2026_06_16_current_immortals,current,Aratar,no,no,immortal_list_2026_06_16,candidate
Jak,2026_06_16_retired_immortals,retired,Maiar,no,no,immortal_list_2026_06_16,candidate
Janosik,2026_06_16_retired_immortals,retired,Boardreaders,no,no,immortal_list_2026_06_16,candidate
Jeridoc,2026_06_16_retired_immortals,retired,Boardreaders,no,no,immortal_list_2026_06_16,candidate
Jerusha,2026_06_16_current_immortals,current,Maiar,no,no,immortal_list_2026_06_16,candidate
Johan,2026_06_16_retired_immortals,retired,Boardreaders,no,no,immortal_list_2026_06_16,candidate
Jolen,2026_06_16_retired_immortals,retired,Boardreaders,no,no,immortal_list_2026_06_16,candidate
Kaen,2026_06_16_retired_immortals,retired,Boardreaders,no,no,immortal_list_2026_06_16,candidate
Kal,2026_06_16_retired_immortals,retired,Maiar,no,no,immortal_list_2026_06_16,candidate
Kalev,2026_06_16_retired_immortals,retired,Valar,no,no,immortal_list_2026_06_16,candidate
Kamlakh,2026_06_16_retired_immortals,retired,Boardreaders,no,no,immortal_list_2026_06_16,candidate
Kardrim,2026_06_16_retired_immortals,retired,Maiar,no,no,immortal_list_2026_06_16,candidate
Karl,2026_06_16_retired_immortals,retired,Boardreaders,no,no,immortal_list_2026_06_16,candidate
Karli,2026_06_16_retired_immortals,retired,Boardreaders,no,no,immortal_list_2026_06_16,candidate
Karlsburg,2026_06_16_retired_immortals,retired,Maiar,no,no,immortal_list_2026_06_16,candidate
Karnak,2026_06_16_retired_immortals,retired,Maiar,no,no,immortal_list_2026_06_16,candidate
Karvane,2026_06_16_retired_immortals,retired,Boardreaders,no,no,immortal_list_2026_06_16,candidate
Katje,2026_06_16_current_immortals,current,Maiar,no,no,immortal_list_2026_06_16,candidate
Katla,2026_06_16_retired_immortals,retired,Boardreaders,no,no,immortal_list_2026_06_16,candidate
Kaznor,2026_06_16_retired_immortals,retired,Boardreaders,no,no,immortal_list_2026_06_16,candidate
Kaztor,2026_06_16_retired_immortals,retired,Boardreaders,no,no,immortal_list_2026_06_16,candidate
Ke,2026_06_16_retired_immortals,retired,Maiar,no,no,immortal_list_2026_06_16,candidate
Kefka,2026_06_16_retired_immortals,retired,Boardreaders,no,no,immortal_list_2026_06_16,candidate
Keltic,2026_06_16_retired_immortals,retired,Valar,no,no,immortal_list_2026_06_16,candidate
Kenzu,2026_06_16_current_immortals,current,Maiar,no,no,immortal_list_2026_06_16,candidate
Keram,2026_06_16_retired_immortals,retired,Boardreaders,no,no,immortal_list_2026_06_16,candidate
Kerf,2026_06_16_retired_immortals,retired,Boardreaders,no,no,immortal_list_2026_06_16,candidate
Kergon,2026_06_16_retired_immortals,retired,Boardreaders,no,no,immortal_list_2026_06_16,candidate
Kestrel,2026_06_16_retired_immortals,retired,Boardreaders,no,no,immortal_list_2026_06_16,candidate
Khaldun,2026_06_16_retired_immortals,retired,Boardreaders,no,no,immortal_list_2026_06_16,candidate
Khan,2026_06_16_retired_immortals,retired,Maiar,no,no,immortal_list_2026_06_16,candidate
Khantar,2026_06_16_retired_immortals,retired,Boardreaders,no,no,immortal_list_2026_06_16,candidate
Khatog,2026_06_16_retired_immortals,retired,Boardreaders,no,no,immortal_list_2026_06_16,candidate
Khazander,2026_06_16_retired_immortals,retired,Maiar,no,no,immortal_list_2026_06_16,candidate
Kheldur,2026_06_16_retired_immortals,retired,Boardreaders,no,no,immortal_list_2026_06_16,candidate
Khrun,2026_06_16_retired_immortals,retired,Boardreaders,no,no,immortal_list_2026_06_16,candidate
Khudum,2026_06_16_retired_immortals,retired,Boardreaders,no,no,immortal_list_2026_06_16,candidate
Killillwind,2026_06_16_retired_immortals,retired,Boardreaders,no,no,immortal_list_2026_06_16,candidate
Kizh,2026_06_16_retired_immortals,retired,Boardreaders,no,no,immortal_list_2026_06_16,candidate
Kjell,2026_06_16_retired_immortals,retired,Boardreaders,no,no,immortal_list_2026_06_16,candidate
Kleftis,2026_06_16_retired_immortals,retired,Boardreaders,no,no,immortal_list_2026_06_16,candidate
Koft,2026_06_16_retired_immortals,retired,Boardreaders,no,no,immortal_list_2026_06_16,candidate
Kone,2026_06_16_retired_immortals,retired,Boardreaders,no,no,immortal_list_2026_06_16,candidate
Kovenya,2026_06_16_retired_immortals,retired,Maiar,no,no,immortal_list_2026_06_16,candidate
Kovik,2026_06_16_retired_immortals,retired,Boardreaders,no,no,immortal_list_2026_06_16,candidate
Kraag,2026_06_16_retired_immortals,retired,Boardreaders,no,no,immortal_list_2026_06_16,candidate
Krazy,2026_06_16_retired_immortals,retired,Maiar,no,no,immortal_list_2026_06_16,candidate
Kril,2026_06_16_retired_immortals,retired,Maiar,no,no,immortal_list_2026_06_16,candidate
Kristian,2026_06_16_retired_immortals,retired,Boardreaders,no,no,immortal_list_2026_06_16,candidate
Kron,2026_06_16_retired_immortals,retired,Boardreaders,no,no,immortal_list_2026_06_16,candidate
Kroz,2026_06_16_retired_immortals,retired,Valar,no,no,immortal_list_2026_06_16,candidate
Kruel,2026_06_16_retired_immortals,retired,Boardreaders,no,no,immortal_list_2026_06_16,candidate
Kuzdhin,2026_06_16_current_immortals,current,Maiar,no,no,immortal_list_2026_06_16,candidate
Kyratai,2026_06_16_retired_immortals,retired,Maiar,no,no,immortal_list_2026_06_16,candidate
Kyrill,2026_06_16_current_immortals,current,Maiar,no,no,immortal_list_2026_06_16,candidate
Lamia,2026_06_16_current_immortals,current,Maiar,no,no,immortal_list_2026_06_16,candidate
Lancelot,2026_06_16_retired_immortals,retired,Boardreaders,no,no,immortal_list_2026_06_16,candidate
Lancot,2026_06_16_retired_immortals,retired,Boardreaders,no,no,immortal_list_2026_06_16,candidate
Landroval,2026_06_16_retired_immortals,retired,Boardreaders,no,no,immortal_list_2026_06_16,candidate
Larien,2026_06_16_retired_immortals,retired,Maiar,no,no,immortal_list_2026_06_16,candidate
Laris,2026_06_16_retired_immortals,retired,Boardreaders,no,no,immortal_list_2026_06_16,candidate
Larnach,2026_06_16_retired_immortals,retired,Boardreaders,no,no,immortal_list_2026_06_16,candidate
Lauryn,2026_06_16_retired_immortals,retired,Maiar,no,no,immortal_list_2026_06_16,candidate
Lavabom,2026_06_16_retired_immortals,retired,Boardreaders,no,no,immortal_list_2026_06_16,candidate
Leah,2026_06_16_retired_immortals,retired,Boardreaders,no,no,immortal_list_2026_06_16,candidate
Lealana,2026_06_16_retired_immortals,retired,Boardreaders,no,no,immortal_list_2026_06_16,candidate
Lede,2026_06_16_retired_immortals,retired,Maiar,no,no,immortal_list_2026_06_16,candidate
Leetah,2026_06_16_retired_immortals,retired,Maiar,no,no,immortal_list_2026_06_16,candidate
Leew,2026_06_16_retired_immortals,retired,Boardreaders,no,no,immortal_list_2026_06_16,candidate
Legolas,2026_06_16_retired_immortals,retired,Boardreaders,no,no,immortal_list_2026_06_16,candidate
Legon,2026_06_16_retired_immortals,retired,Maiar,no,no,immortal_list_2026_06_16,candidate
Lehto,2026_06_16_current_immortals,current,Maiar,no,no,immortal_list_2026_06_16,candidate
Leica,2026_06_16_retired_immortals,retired,Boardreaders,no,no,immortal_list_2026_06_16,candidate
Lena,2026_06_16_retired_immortals,retired,Maiar,no,no,immortal_list_2026_06_16,candidate
Leni,2026_06_16_retired_immortals,retired,Boardreaders,no,no,immortal_list_2026_06_16,candidate
Lenore,2026_06_16_retired_immortals,retired,Boardreaders,no,no,immortal_list_2026_06_16,candidate
Lens,2026_06_16_retired_immortals,retired,Boardreaders,no,no,immortal_list_2026_06_16,candidate
Liliah,2026_06_16_retired_immortals,retired,Maiar,no,no,immortal_list_2026_06_16,candidate
Lilith,2026_06_16_retired_immortals,retired,Boardreaders,no,no,immortal_list_2026_06_16,candidate
Lilja,2026_06_16_retired_immortals,retired,Maiar,no,no,immortal_list_2026_06_16,candidate
LilleMan,2026_06_16_retired_immortals,retired,Maiar,no,no,immortal_list_2026_06_16,candidate
Lionheart,2026_06_16_retired_immortals,retired,Boardreaders,no,no,immortal_list_2026_06_16,candidate
Llywarch,2026_06_16_current_immortals,current,Maiar,no,no,immortal_list_2026_06_16,candidate
Loden,2026_06_16_retired_immortals,retired,Maiar,no,no,immortal_list_2026_06_16,candidate
Loke,2026_06_16_retired_immortals,retired,Boardreaders,no,no,immortal_list_2026_06_16,candidate
Lolatmi,2026_06_16_retired_immortals,retired,Boardreaders,no,no,immortal_list_2026_06_16,candidate
Lomion,2026_06_16_retired_immortals,retired,Valar,no,no,immortal_list_2026_06_16,candidate
Lone,2026_06_16_retired_immortals,retired,Maiar,no,no,immortal_list_2026_06_16,candidate
Loomis,2026_06_16_retired_immortals,retired,Boardreaders,no,no,immortal_list_2026_06_16,candidate
Lorena,2026_06_16_retired_immortals,retired,Boardreaders,no,no,immortal_list_2026_06_16,candidate
Lorien,2026_06_16_retired_immortals,retired,Maiar,no,no,immortal_list_2026_06_16,candidate
Lospe,2026_06_16_retired_immortals,retired,Boardreaders,no,no,immortal_list_2026_06_16,candidate
Loy,2026_06_16_retired_immortals,retired,Boardreaders,no,no,immortal_list_2026_06_16,candidate
Ludwig,2026_06_16_retired_immortals,retired,Maiar,no,no,immortal_list_2026_06_16,candidate
Luineth,2026_06_16_retired_immortals,retired,Maiar,no,no,immortal_list_2026_06_16,candidate
Luinil,2026_06_16_retired_immortals,retired,Valar,no,no,immortal_list_2026_06_16,candidate
Luke,2026_06_16_retired_immortals,retired,Boardreaders,no,no,immortal_list_2026_06_16,candidate
Lynwen,2026_06_16_retired_immortals,retired,Boardreaders,no,no,immortal_list_2026_06_16,candidate
Líng,2026_06_16_retired_immortals,retired,Boardreaders,no,no,immortal_list_2026_06_16,candidate
Lómë,2026_06_16_current_immortals,current,Maiar,no,no,immortal_list_2026_06_16,candidate
Macabre,2026_06_16_retired_immortals,retired,Maiar,no,no,immortal_list_2026_06_16,candidate
Maedhros,2026_06_16_retired_immortals,retired,Valar,no,no,immortal_list_2026_06_16,candidate
Magicus,2026_06_16_retired_immortals,retired,Boardreaders,no,no,immortal_list_2026_06_16,candidate
Magnos,2026_06_16_retired_immortals,retired,Boardreaders,no,no,immortal_list_2026_06_16,candidate
Majesty,2026_06_16_retired_immortals,retired,Boardreaders,no,no,immortal_list_2026_06_16,candidate
Makar,2026_06_16_retired_immortals,retired,Valar,no,no,immortal_list_2026_06_16,candidate
Maldagor,2026_06_16_retired_immortals,retired,Boardreaders,no,no,immortal_list_2026_06_16,candidate
Manatark,2026_06_16_retired_immortals,retired,Maiar,no,no,immortal_list_2026_06_16,candidate
Mandor,2026_06_16_retired_immortals,retired,Valar,no,no,immortal_list_2026_06_16,candidate
Mandos,2026_06_16_retired_immortals,retired,Valar,no,no,immortal_list_2026_06_16,candidate
Manse,2026_06_16_retired_immortals,retired,Boardreaders,no,no,immortal_list_2026_06_16,candidate
Manwë,2026_06_16_current_immortals,current,Implementors,no,no,immortal_list_2026_06_16,candidate
Marathon,2026_06_16_retired_immortals,retired,Maiar,no,no,immortal_list_2026_06_16,candidate
Marcho,2026_06_16_retired_immortals,retired,Maiar,no,no,immortal_list_2026_06_16,candidate
Marte,2026_06_16_current_immortals,current,Maiar,no,no,immortal_list_2026_06_16,candidate
Martijn,2026_06_16_retired_immortals,retired,Boardreaders,no,no,immortal_list_2026_06_16,candidate
Martyr,2026_06_16_retired_immortals,retired,Boardreaders,no,no,immortal_list_2026_06_16,candidate
Marvin,2026_06_16_retired_immortals,retired,Maiar,no,no,immortal_list_2026_06_16,candidate
Masq,2026_06_16_retired_immortals,retired,Maiar,no,no,immortal_list_2026_06_16,candidate
Matarael,2026_06_16_retired_immortals,retired,Boardreaders,no,no,immortal_list_2026_06_16,candidate
Maverick,2026_06_16_retired_immortals,retired,Boardreaders,no,no,immortal_list_2026_06_16,candidate
Meneldil,2026_06_16_retired_immortals,retired,Maiar,no,no,immortal_list_2026_06_16,candidate
Meneldor,2026_06_16_retired_immortals,retired,Boardreaders,no,no,immortal_list_2026_06_16,candidate
Meneldur,2026_06_16_retired_immortals,retired,Boardreaders,no,no,immortal_list_2026_06_16,candidate
Menelos,2026_06_16_retired_immortals,retired,Boardreaders,no,no,immortal_list_2026_06_16,candidate
Merg,2026_06_16_retired_immortals,retired,Boardreaders,no,no,immortal_list_2026_06_16,candidate
Merlyn,2026_06_16_retired_immortals,retired,Maiar,no,no,immortal_list_2026_06_16,candidate
Mezmeree,2026_06_16_retired_immortals,retired,Maiar,no,no,immortal_list_2026_06_16,candidate
Miax,2026_06_16_retired_immortals,retired,Boardreaders,no,no,immortal_list_2026_06_16,candidate
Midnight,2026_06_16_retired_immortals,retired,Boardreaders,no,no,immortal_list_2026_06_16,candidate
Mig,2026_06_16_retired_immortals,retired,Boardreaders,no,no,immortal_list_2026_06_16,candidate
Miho,2026_06_16_retired_immortals,retired,Boardreaders,no,no,immortal_list_2026_06_16,candidate
Miia,2026_06_16_retired_immortals,retired,Boardreaders,no,no,immortal_list_2026_06_16,candidate
Mimbotu,2026_06_16_retired_immortals,retired,Boardreaders,no,no,immortal_list_2026_06_16,candidate
Mingz,2026_06_16_retired_immortals,retired,Boardreaders,no,no,immortal_list_2026_06_16,candidate
Ministry,2026_06_16_retired_immortals,retired,Maiar,no,no,immortal_list_2026_06_16,candidate
Mint,2026_06_16_current_immortals,current,Aratar,no,no,immortal_list_2026_06_16,candidate
Mirabella,2026_06_16_retired_immortals,retired,Maiar,no,no,immortal_list_2026_06_16,candidate
Mirimandil,2026_06_16_retired_immortals,retired,Boardreaders,no,no,immortal_list_2026_06_16,candidate
Miser,2026_06_16_retired_immortals,retired,Maiar,no,no,immortal_list_2026_06_16,candidate
Mocny,2026_06_16_retired_immortals,retired,Maiar,no,no,immortal_list_2026_06_16,candidate
Moison,2026_06_16_retired_immortals,retired,Boardreaders,no,no,immortal_list_2026_06_16,candidate
Monk,2026_06_16_retired_immortals,retired,Maiar,no,no,immortal_list_2026_06_16,candidate
Moosh,2026_06_16_retired_immortals,retired,Boardreaders,no,no,immortal_list_2026_06_16,candidate
Mor,2026_06_16_retired_immortals,retired,Boardreaders,no,no,immortal_list_2026_06_16,candidate
Morceleb,2026_06_16_retired_immortals,retired,Maiar,no,no,immortal_list_2026_06_16,candidate
Mordin,2026_06_16_retired_immortals,retired,Boardreaders,no,no,immortal_list_2026_06_16,candidate
Mordril,2026_06_16_retired_immortals,retired,Boardreaders,no,no,immortal_list_2026_06_16,candidate
Morfizm,2026_06_16_retired_immortals,retired,Boardreaders,no,no,immortal_list_2026_06_16,candidate
Morten,2026_06_16_retired_immortals,retired,Maiar,no,no,immortal_list_2026_06_16,candidate
Moulder,2026_06_16_retired_immortals,retired,Boardreaders,no,no,immortal_list_2026_06_16,candidate
Mujahid,2026_06_16_retired_immortals,retired,Maiar,no,no,immortal_list_2026_06_16,candidate
Murogor,2026_06_16_retired_immortals,retired,Boardreaders,no,no,immortal_list_2026_06_16,candidate
Muumi,2026_06_16_retired_immortals,retired,Boardreaders,no,no,immortal_list_2026_06_16,candidate
Myrador,2026_06_16_retired_immortals,retired,Boardreaders,no,no,immortal_list_2026_06_16,candidate
Mîm,2026_06_16_retired_immortals,retired,Maiar,no,no,immortal_list_2026_06_16,candidate
Nada,2026_06_16_retired_immortals,retired,Implementors,no,no,immortal_list_2026_06_16,candidate
Naga,2026_06_16_current_immortals,current,Maiar,no,no,immortal_list_2026_06_16,candidate
Najden,2026_06_16_retired_immortals,retired,Boardreaders,no,no,immortal_list_2026_06_16,candidate
Nakki,2026_06_16_retired_immortals,retired,Boardreaders,no,no,immortal_list_2026_06_16,candidate
Naks,2026_06_16_retired_immortals,retired,Boardreaders,no,no,immortal_list_2026_06_16,candidate
Nameless,2026_06_16_retired_immortals,retired,Boardreaders,no,no,immortal_list_2026_06_16,candidate
Narcissus,2026_06_16_retired_immortals,retired,Maiar,no,no,immortal_list_2026_06_16,candidate
Narndir,2026_06_16_retired_immortals,retired,Maiar,no,no,immortal_list_2026_06_16,candidate
Narond,2026_06_16_retired_immortals,retired,Boardreaders,no,no,immortal_list_2026_06_16,candidate
Naxis,2026_06_16_retired_immortals,retired,Boardreaders,no,no,immortal_list_2026_06_16,candidate
Nazir,2026_06_16_retired_immortals,retired,Boardreaders,no,no,immortal_list_2026_06_16,candidate
Neidoles,2026_06_16_retired_immortals,retired,Boardreaders,no,no,immortal_list_2026_06_16,candidate
Neithan,2026_06_16_retired_immortals,retired,Boardreaders,no,no,immortal_list_2026_06_16,candidate
Neptune,2026_06_16_retired_immortals,retired,Boardreaders,no,no,immortal_list_2026_06_16,candidate
Newc,2026_06_16_retired_immortals,retired,Boardreaders,no,no,immortal_list_2026_06_16,candidate
Niccolo,2026_06_16_retired_immortals,retired,Maiar,no,no,immortal_list_2026_06_16,candidate
Nienor,2026_06_16_retired_immortals,retired,Aratar,no,no,immortal_list_2026_06_16,candidate
Nighthawk,2026_06_16_retired_immortals,retired,Maiar,no,no,immortal_list_2026_06_16,candidate
Nightshade,2026_06_16_retired_immortals,retired,Boardreaders,no,no,immortal_list_2026_06_16,candidate
Nightstar,2026_06_16_retired_immortals,retired,Boardreaders,no,no,immortal_list_2026_06_16,candidate
Niisku,2026_06_16_retired_immortals,retired,Boardreaders,no,no,immortal_list_2026_06_16,candidate
Njaa,2026_06_16_retired_immortals,retired,Boardreaders,no,no,immortal_list_2026_06_16,candidate
Noki,2026_06_16_retired_immortals,retired,Boardreaders,no,no,immortal_list_2026_06_16,candidate
Nokiel,2026_06_16_retired_immortals,retired,Boardreaders,no,no,immortal_list_2026_06_16,candidate
Nom,2026_06_16_retired_immortals,retired,Maiar,no,no,immortal_list_2026_06_16,candidate
Norfyr,2026_06_16_retired_immortals,retired,Boardreaders,no,no,immortal_list_2026_06_16,candidate
Nori,2026_06_16_retired_immortals,retired,Boardreaders,no,no,immortal_list_2026_06_16,candidate
Norsu,2026_06_16_retired_immortals,retired,True Legend,no,yes,immortal_list_2026_06_16,candidate
Norton,2026_06_16_retired_immortals,retired,Boardreaders,no,no,immortal_list_2026_06_16,candidate
Nugle,2026_06_16_retired_immortals,retired,Maiar,no,no,immortal_list_2026_06_16,candidate
Nukah,2026_06_16_retired_immortals,retired,Maiar,no,no,immortal_list_2026_06_16,candidate
Nymne,2026_06_16_retired_immortals,retired,Boardreaders,no,no,immortal_list_2026_06_16,candidate
Námo,2026_06_16_retired_immortals,retired,Aratar,no,no,immortal_list_2026_06_16,candidate
Níeat,2026_06_16_retired_immortals,retired,Boardreaders,no,no,immortal_list_2026_06_16,candidate
Ociris,2026_06_16_retired_immortals,retired,Boardreaders,no,no,immortal_list_2026_06_16,candidate
Octavia,2026_06_16_current_immortals,current,Maiar,no,no,immortal_list_2026_06_16,candidate
Oisín,2026_06_16_current_immortals,current,Maiar,no,no,immortal_list_2026_06_16,candidate
Olorin,2026_06_16_retired_immortals,retired,Maiar,no,no,immortal_list_2026_06_16,candidate
Omega,2026_06_16_current_immortals,current,Maiar,no,no,immortal_list_2026_06_16,candidate
Omen,2026_06_16_retired_immortals,retired,Boardreaders,no,no,immortal_list_2026_06_16,candidate
One,2026_06_16_retired_immortals,retired,Boardreaders,no,no,immortal_list_2026_06_16,candidate
Opus,2026_06_16_retired_immortals,retired,Boardreaders,no,no,immortal_list_2026_06_16,candidate
Ori,2026_06_16_retired_immortals,retired,Boardreaders,no,no,immortal_list_2026_06_16,candidate
Orion,2026_06_16_retired_immortals,retired,Maiar,no,no,immortal_list_2026_06_16,candidate
Orlanth,2026_06_16_current_immortals,current,Valar,no,no,immortal_list_2026_06_16,candidate
Orm,2026_06_16_retired_immortals,retired,Boardreaders,no,no,immortal_list_2026_06_16,candidate
Orome,2026_06_16_retired_immortals,retired,Maiar,no,no,immortal_list_2026_06_16,candidate
Ossë,2026_06_16_retired_immortals,retired,Boardreaders,no,no,immortal_list_2026_06_16,candidate
Overlord,2026_06_16_retired_immortals,retired,Boardreaders,no,no,immortal_list_2026_06_16,candidate
Owin,2026_06_16_retired_immortals,retired,Boardreaders,no,no,immortal_list_2026_06_16,candidate
Ozelot,2026_06_16_retired_immortals,retired,Boardreaders,no,no,immortal_list_2026_06_16,candidate
Paladin,2026_06_16_retired_immortals,retired,Boardreaders,no,no,immortal_list_2026_06_16,candidate
Pallando,2026_06_16_retired_immortals,retired,Maiar,no,no,immortal_list_2026_06_16,candidate
Pandelume,2026_06_16_retired_immortals,retired,Boardreaders,no,no,immortal_list_2026_06_16,candidate
Papa,2026_06_16_retired_immortals,retired,Boardreaders,no,no,immortal_list_2026_06_16,candidate
Parador,2026_06_16_retired_immortals,retired,Maiar,no,no,immortal_list_2026_06_16,candidate
Paras,2026_06_16_retired_immortals,retired,Maiar,no,no,immortal_list_2026_06_16,candidate
Patriot,2026_06_16_retired_immortals,retired,Boardreaders,no,no,immortal_list_2026_06_16,candidate
Paunch,2026_06_16_retired_immortals,retired,Boardreaders,no,no,immortal_list_2026_06_16,candidate
Pendak,2026_06_16_retired_immortals,retired,Boardreaders,no,no,immortal_list_2026_06_16,candidate
Perrin,2026_06_16_retired_immortals,retired,Maiar,no,no,immortal_list_2026_06_16,candidate
Petrel,2026_06_16_retired_immortals,retired,Valar,no,no,immortal_list_2026_06_16,candidate
Phier,2026_06_16_retired_immortals,retired,Valar,no,no,immortal_list_2026_06_16,candidate
Phishhead,2026_06_16_retired_immortals,retired,Boardreaders,no,no,immortal_list_2026_06_16,candidate
Phloxy,2026_06_16_retired_immortals,retired,Maiar,no,no,immortal_list_2026_06_16,candidate
Pif,2026_06_16_retired_immortals,retired,Boardreaders,no,no,immortal_list_2026_06_16,candidate
Pikel,2026_06_16_retired_immortals,retired,Maiar,no,no,immortal_list_2026_06_16,candidate
Pilois,2026_06_16_current_immortals,current,Valar,no,no,immortal_list_2026_06_16,candidate
Pils,2026_06_16_retired_immortals,retired,Maiar,no,no,immortal_list_2026_06_16,candidate
Pilsner,2026_06_16_retired_immortals,retired,Boardreaders,no,no,immortal_list_2026_06_16,candidate
Piter,2026_06_16_retired_immortals,retired,Boardreaders,no,no,immortal_list_2026_06_16,candidate
Pong,2026_06_16_retired_immortals,retired,Boardreaders,no,no,immortal_list_2026_06_16,candidate
Porien,2026_06_16_current_immortals,current,Maiar,no,no,immortal_list_2026_06_16,candidate
Prabowo,2026_06_16_retired_immortals,retired,Boardreaders,no,no,immortal_list_2026_06_16,candidate
Prami,2026_06_16_retired_immortals,retired,Boardreaders,no,no,immortal_list_2026_06_16,candidate
Quack,2026_06_16_retired_immortals,retired,Boardreaders,no,no,immortal_list_2026_06_16,candidate
Quende,2026_06_16_retired_immortals,retired,Boardreaders,no,no,immortal_list_2026_06_16,candidate
Quic,2026_06_16_retired_immortals,retired,Boardreaders,no,no,immortal_list_2026_06_16,candidate
Quillis,2026_06_16_retired_immortals,retired,Maiar,no,no,immortal_list_2026_06_16,candidate
Qwait,2026_06_16_current_immortals,current,Maiar,no,no,immortal_list_2026_06_16,candidate
Qwerty,2026_06_16_retired_immortals,retired,Maiar,no,no,immortal_list_2026_06_16,candidate
Raid,2026_06_16_current_immortals,current,Maiar,no,no,immortal_list_2026_06_16,candidate
Ramon,2026_06_16_retired_immortals,retired,Boardreaders,no,no,immortal_list_2026_06_16,candidate
Rana,2026_06_16_current_immortals,current,Maiar,yes,no,immortal_list_2026_06_16,candidate
Rangga,2026_06_16_retired_immortals,retired,Boardreaders,no,no,immortal_list_2026_06_16,candidate
Ranoc,2026_06_16_retired_immortals,retired,Boardreaders,no,no,immortal_list_2026_06_16,candidate
Rashnak,2026_06_16_retired_immortals,retired,Maiar,no,no,immortal_list_2026_06_16,candidate
Rato,2026_06_16_current_immortals,current,Maiar,no,no,immortal_list_2026_06_16,candidate
Raudkael,2026_06_16_retired_immortals,retired,Boardreaders,no,no,immortal_list_2026_06_16,candidate
Raul,2026_06_16_retired_immortals,retired,Boardreaders,no,no,immortal_list_2026_06_16,candidate
Rayden,2026_06_16_retired_immortals,retired,Boardreaders,no,no,immortal_list_2026_06_16,candidate
Razer,2026_06_16_retired_immortals,retired,Boardreaders,no,no,immortal_list_2026_06_16,candidate
Rebel,2026_06_16_retired_immortals,retired,Boardreaders,no,no,immortal_list_2026_06_16,candidate
Reddas,2026_06_16_retired_immortals,retired,Boardreaders,no,no,immortal_list_2026_06_16,candidate
Reider,2026_06_16_retired_immortals,retired,Boardreaders,no,no,immortal_list_2026_06_16,candidate
Relkin,2026_06_16_retired_immortals,retired,Boardreaders,no,no,immortal_list_2026_06_16,candidate
Ren,2026_06_16_retired_immortals,retired,Maiar,no,no,immortal_list_2026_06_16,candidate
Ressaven,2026_06_16_retired_immortals,retired,Valar,no,no,immortal_list_2026_06_16,candidate
Rhuler,2026_06_16_retired_immortals,retired,Boardreaders,no,no,immortal_list_2026_06_16,candidate
Ria,2026_06_16_retired_immortals,retired,Maiar,no,no,immortal_list_2026_06_16,candidate
Rick,2026_06_16_retired_immortals,retired,Boardreaders,no,no,immortal_list_2026_06_16,candidate
Rik,2026_06_16_retired_immortals,retired,Maiar,no,no,immortal_list_2026_06_16,candidate
Rindell,2026_06_16_current_immortals,current,Maiar,no,no,immortal_list_2026_06_16,candidate
Rivas,2026_06_16_retired_immortals,retired,Maiar,no,no,immortal_list_2026_06_16,candidate
Riven,2026_06_16_retired_immortals,retired,Boardreaders,no,no,immortal_list_2026_06_16,candidate
Rob,2026_06_16_retired_immortals,retired,Boardreaders,no,no,immortal_list_2026_06_16,candidate
Robit,2026_06_16_retired_immortals,retired,Boardreaders,no,no,immortal_list_2026_06_16,candidate
Rogon,2026_06_16_current_immortals,current,Aratar,no,no,immortal_list_2026_06_16,candidate
Rokee,2026_06_16_retired_immortals,retired,Valar,no,no,immortal_list_2026_06_16,candidate
Roman,2026_06_16_retired_immortals,retired,Boardreaders,no,no,immortal_list_2026_06_16,candidate
Roo,2026_06_16_retired_immortals,retired,Boardreaders,no,no,immortal_list_2026_06_16,candidate
Rowin,2026_06_16_retired_immortals,retired,Boardreaders,no,no,immortal_list_2026_06_16,candidate
Rubius,2026_06_16_retired_immortals,retired,Valar,no,no,immortal_list_2026_06_16,candidate
Rubrik,2026_06_16_retired_immortals,retired,Boardreaders,no,no,immortal_list_2026_06_16,candidate
Rumil,2026_06_16_retired_immortals,retired,Boardreaders,no,no,immortal_list_2026_06_16,candidate
Rut,2026_06_16_retired_immortals,retired,Maiar,no,no,immortal_list_2026_06_16,candidate
Ryalnos,2026_06_16_current_immortals,current,Maiar,no,no,immortal_list_2026_06_16,candidate
Ryubi,2026_06_16_retired_immortals,retired,Boardreaders,no,no,immortal_list_2026_06_16,candidate
Rómendacil,2026_06_16_current_immortals,current,Maiar,yes,no,immortal_list_2026_06_16,candidate
Röhic,2026_06_16_retired_immortals,retired,Boardreaders,no,no,immortal_list_2026_06_16,candidate
Sabadon,2026_06_16_current_immortals,current,Maiar,no,no,immortal_list_2026_06_16,candidate
Sabat,2026_06_16_retired_immortals,retired,Boardreaders,no,no,immortal_list_2026_06_16,candidate
Sabbath,2026_06_16_retired_immortals,retired,Boardreaders,no,no,immortal_list_2026_06_16,candidate
Sadet,2026_06_16_retired_immortals,retired,Maiar,no,no,immortal_list_2026_06_16,candidate
Saeth,2026_06_16_current_immortals,current,Maiar,no,no,immortal_list_2026_06_16,candidate
Sally,2026_06_16_retired_immortals,retired,Boardreaders,no,no,immortal_list_2026_06_16,candidate
Salmar,2026_06_16_retired_immortals,retired,Boardreaders,no,no,immortal_list_2026_06_16,candidate
Samwe,2026_06_16_retired_immortals,retired,Boardreaders,no,no,immortal_list_2026_06_16,candidate
Sarin,2026_06_16_retired_immortals,retired,Boardreaders,no,no,immortal_list_2026_06_16,candidate
Sarinda,2026_06_16_current_immortals,current,Maiar,no,no,immortal_list_2026_06_16,candidate
Sarmarnuna,2026_06_16_retired_immortals,retired,Boardreaders,no,no,immortal_list_2026_06_16,candidate
Savior,2026_06_16_retired_immortals,retired,Maiar,no,no,immortal_list_2026_06_16,candidate
Savonn,2026_06_16_retired_immortals,retired,Boardreaders,no,no,immortal_list_2026_06_16,candidate
Scar,2026_06_16_retired_immortals,retired,Valar,no,no,immortal_list_2026_06_16,candidate
Schard,2026_06_16_retired_immortals,retired,Boardreaders,no,no,immortal_list_2026_06_16,candidate
Science,2026_06_16_retired_immortals,retired,Maiar,no,no,immortal_list_2026_06_16,candidate
Scio,2026_06_16_current_immortals,current,Maiar,no,no,immortal_list_2026_06_16,candidate
Scott,2026_06_16_retired_immortals,retired,Boardreaders,no,no,immortal_list_2026_06_16,candidate
Scyld,2026_06_16_retired_immortals,retired,Boardreaders,no,no,immortal_list_2026_06_16,candidate
Securitate,2026_06_16_retired_immortals,retired,Maiar,no,no,immortal_list_2026_06_16,candidate
Sephrenio,2026_06_16_retired_immortals,retired,Boardreaders,no,no,immortal_list_2026_06_16,candidate
Seregon,2026_06_16_retired_immortals,retired,Boardreaders,no,no,immortal_list_2026_06_16,candidate
Serodi,2026_06_16_retired_immortals,retired,Boardreaders,no,no,immortal_list_2026_06_16,candidate
Shaalak,2026_06_16_current_immortals,current,Maiar,no,no,immortal_list_2026_06_16,candidate
Shaedric,2026_06_16_retired_immortals,retired,Maiar,no,no,immortal_list_2026_06_16,candidate
Shai,2026_06_16_retired_immortals,retired,Boardreaders,no,no,immortal_list_2026_06_16,candidate
Shalott,2026_06_16_retired_immortals,retired,Maiar,no,no,immortal_list_2026_06_16,candidate
Shiara,2026_06_16_retired_immortals,retired,Boardreaders,no,no,immortal_list_2026_06_16,candidate
Shilior,2026_06_16_retired_immortals,retired,Boardreaders,no,no,immortal_list_2026_06_16,candidate
Shorn,2026_06_16_retired_immortals,retired,Maiar,no,no,immortal_list_2026_06_16,candidate
Shrouded,2026_06_16_retired_immortals,retired,Boardreaders,no,no,immortal_list_2026_06_16,candidate
Shura,2026_06_16_retired_immortals,retired,Boardreaders,no,no,immortal_list_2026_06_16,candidate
Siamir,2026_06_16_retired_immortals,retired,Boardreaders,no,no,immortal_list_2026_06_16,candidate
Silenoz,2026_06_16_retired_immortals,retired,Boardreaders,no,no,immortal_list_2026_06_16,candidate
Silmaesul,2026_06_16_retired_immortals,retired,Boardreaders,no,no,immortal_list_2026_06_16,candidate
Silosseth,2026_06_16_retired_immortals,retired,Maiar,no,no,immortal_list_2026_06_16,candidate
Silvermagi,2026_06_16_retired_immortals,retired,Boardreaders,no,no,immortal_list_2026_06_16,candidate
Silvershadow,2026_06_16_retired_immortals,retired,Boardreaders,no,no,immortal_list_2026_06_16,candidate
Silvos,2026_06_16_current_immortals,current,Maiar,no,no,immortal_list_2026_06_16,candidate
Sim,2026_06_16_retired_immortals,retired,Boardreaders,no,no,immortal_list_2026_06_16,candidate
Singleton,2026_06_16_retired_immortals,retired,Boardreaders,no,no,immortal_list_2026_06_16,candidate
Sinprejic,2026_06_16_retired_immortals,retired,Maiar,no,no,immortal_list_2026_06_16,candidate
Siw,2026_06_16_retired_immortals,retired,Boardreaders,no,no,immortal_list_2026_06_16,candidate
Skyhawk,2026_06_16_retired_immortals,retired,Maiar,no,no,immortal_list_2026_06_16,candidate
Slash,2026_06_16_retired_immortals,retired,Boardreaders,no,no,immortal_list_2026_06_16,candidate
SledgeHammer,2026_06_16_retired_immortals,retired,Boardreaders,no,no,immortal_list_2026_06_16,candidate
Smalls,2026_06_16_retired_immortals,retired,Maiar,no,no,immortal_list_2026_06_16,candidate
Smiling,2026_06_16_retired_immortals,retired,Boardreaders,no,no,immortal_list_2026_06_16,candidate
Smokey,2026_06_16_retired_immortals,retired,Boardreaders,no,no,immortal_list_2026_06_16,candidate
Sneaky,2026_06_16_retired_immortals,retired,Boardreaders,no,no,immortal_list_2026_06_16,candidate
Snom,2026_06_16_retired_immortals,retired,Boardreaders,no,no,immortal_list_2026_06_16,candidate
Snow,2026_06_16_retired_immortals,retired,Maiar,no,no,immortal_list_2026_06_16,candidate
Snowdrop,2026_06_16_current_immortals,current,Maiar,no,no,immortal_list_2026_06_16,candidate
Soba,2026_06_16_retired_immortals,retired,Maiar,no,no,immortal_list_2026_06_16,candidate
Someone,2026_06_16_retired_immortals,retired,Boardreaders,no,no,immortal_list_2026_06_16,candidate
Spin,2026_06_16_retired_immortals,retired,Boardreaders,no,no,immortal_list_2026_06_16,candidate
Sprocket,2026_06_16_retired_immortals,retired,Boardreaders,no,no,immortal_list_2026_06_16,candidate
Spud,2026_06_16_retired_immortals,retired,Boardreaders,no,no,immortal_list_2026_06_16,candidate
Squiffy,2026_06_16_current_immortals,current,Maiar,no,no,immortal_list_2026_06_16,candidate
Squizz,2026_06_16_retired_immortals,retired,Valar,no,no,immortal_list_2026_06_16,candidate
Stadi,2026_06_16_retired_immortals,retired,Boardreaders,no,no,immortal_list_2026_06_16,candidate
Staer,2026_06_16_retired_immortals,retired,Aratar,no,no,immortal_list_2026_06_16,candidate
Steele,2026_06_16_retired_immortals,retired,Boardreaders,no,no,immortal_list_2026_06_16,candidate
Stigur,2026_06_16_retired_immortals,retired,Boardreaders,no,no,immortal_list_2026_06_16,candidate
Stiletto,2026_06_16_retired_immortals,retired,Boardreaders,no,no,immortal_list_2026_06_16,candidate
Stimpy,2026_06_16_retired_immortals,retired,Maiar,no,no,immortal_list_2026_06_16,candidate
Stranger,2026_06_16_retired_immortals,retired,Boardreaders,no,no,immortal_list_2026_06_16,candidate
Stryker,2026_06_16_retired_immortals,retired,Boardreaders,no,no,immortal_list_2026_06_16,candidate
Stukk,2026_06_16_current_immortals,current,Maiar,no,no,immortal_list_2026_06_16,candidate
Sum,2026_06_16_retired_immortals,retired,Maiar,no,no,immortal_list_2026_06_16,candidate
Sung,2026_06_16_retired_immortals,retired,Aratar,no,no,immortal_list_2026_06_16,candidate
Svex,2026_06_16_retired_immortals,retired,Maiar,no,no,immortal_list_2026_06_16,candidate
Swix,2026_06_16_retired_immortals,retired,Valar,no,no,immortal_list_2026_06_16,candidate
Swork,2026_06_16_retired_immortals,retired,Maiar,no,no,immortal_list_2026_06_16,candidate
Tabris,2026_06_16_current_immortals,current,Maiar,no,no,immortal_list_2026_06_16,candidate
Tadej,2026_06_16_retired_immortals,retired,Boardreaders,no,no,immortal_list_2026_06_16,candidate
Talen,2026_06_16_retired_immortals,retired,Boardreaders,no,no,immortal_list_2026_06_16,candidate
Talia,2026_06_16_retired_immortals,retired,Maiar,no,no,immortal_list_2026_06_16,candidate
Tamar,2026_06_16_current_immortals,current,Maiar,no,no,immortal_list_2026_06_16,candidate
Tamerlane,2026_06_16_retired_immortals,retired,Boardreaders,no,no,immortal_list_2026_06_16,candidate
Tanith,2026_06_16_retired_immortals,retired,Boardreaders,no,no,immortal_list_2026_06_16,candidate
Tarnas,2026_06_16_retired_immortals,retired,Maiar,no,no,immortal_list_2026_06_16,candidate
Tavares,2026_06_16_current_immortals,current,Maiar,no,no,immortal_list_2026_06_16,candidate
Tchans,2026_06_16_retired_immortals,retired,Boardreaders,no,no,immortal_list_2026_06_16,candidate
Telcontar,2026_06_16_retired_immortals,retired,Boardreaders,no,no,immortal_list_2026_06_16,candidate
Tellah,2026_06_16_retired_immortals,retired,Boardreaders,no,no,immortal_list_2026_06_16,candidate
Temdor,2026_06_16_retired_immortals,retired,Boardreaders,no,no,immortal_list_2026_06_16,candidate
Tempuntekijä,2026_06_16_current_immortals,current,Maiar,no,no,immortal_list_2026_06_16,candidate
Terdamon,2026_06_16_retired_immortals,retired,Maiar,no,no,immortal_list_2026_06_16,candidate
Teriláen,2026_06_16_retired_immortals,retired,Maiar,no,no,immortal_list_2026_06_16,candidate
Terminator,2026_06_16_retired_immortals,retired,Boardreaders,no,no,immortal_list_2026_06_16,candidate
Terwin,2026_06_16_retired_immortals,retired,Maiar,no,no,immortal_list_2026_06_16,candidate
Tessier,2026_06_16_retired_immortals,retired,Boardreaders,no,no,immortal_list_2026_06_16,candidate
Teya,2026_06_16_retired_immortals,retired,Boardreaders,no,no,immortal_list_2026_06_16,candidate
Thanatos,2026_06_16_retired_immortals,retired,Maiar,no,no,immortal_list_2026_06_16,candidate
Themys,2026_06_16_retired_immortals,retired,Boardreaders,no,no,immortal_list_2026_06_16,candidate
Thoirin,2026_06_16_current_immortals,current,Maiar,no,no,immortal_list_2026_06_16,candidate
Thor,2026_06_16_retired_immortals,retired,Valar,no,no,immortal_list_2026_06_16,candidate
Thorin,2026_06_16_retired_immortals,retired,Aratar,no,no,immortal_list_2026_06_16,candidate
Thoroner,2026_06_16_retired_immortals,retired,Boardreaders,no,no,immortal_list_2026_06_16,candidate
Thran,2026_06_16_retired_immortals,retired,Maiar,no,no,immortal_list_2026_06_16,candidate
Thrust,2026_06_16_retired_immortals,retired,Boardreaders,no,no,immortal_list_2026_06_16,candidate
Thuran,2026_06_16_retired_immortals,retired,Boardreaders,no,no,immortal_list_2026_06_16,candidate
Thuzzle,2026_06_16_retired_immortals,retired,Valar,no,no,immortal_list_2026_06_16,candidate
Théomil,2026_06_16_retired_immortals,retired,Boardreaders,no,no,immortal_list_2026_06_16,candidate
Tilwe,2026_06_16_current_immortals,current,Maiar,no,no,immortal_list_2026_06_16,candidate
Timbulimbu,2026_06_16_retired_immortals,retired,Boardreaders,no,no,immortal_list_2026_06_16,candidate
Timodeus,2026_06_16_current_immortals,current,Aratar,no,no,immortal_list_2026_06_16,candidate
Tinkerbell,2026_06_16_retired_immortals,retired,Valar,no,no,immortal_list_2026_06_16,candidate
Tinsal,2026_06_16_retired_immortals,retired,Maiar,no,no,immortal_list_2026_06_16,candidate
Tippy,2026_06_16_retired_immortals,retired,Boardreaders,no,no,immortal_list_2026_06_16,candidate
Tirmenel,2026_06_16_retired_immortals,retired,Maiar,no,no,immortal_list_2026_06_16,candidate
Titus,2026_06_16_retired_immortals,retired,Boardreaders,no,no,immortal_list_2026_06_16,candidate
TLB,2026_06_16_retired_immortals,retired,Boardreaders,no,no,immortal_list_2026_06_16,candidate
Toby,2026_06_16_current_immortals,current,Maiar,no,no,immortal_list_2026_06_16,candidate
Torak,2026_06_16_retired_immortals,retired,Boardreaders,no,no,immortal_list_2026_06_16,candidate
Tram,2026_06_16_retired_immortals,retired,Maiar,no,no,immortal_list_2026_06_16,candidate
TranserGod,2026_06_16_retired_immortals,retired,Maiar,no,no,immortal_list_2026_06_16,candidate
Trent,2026_06_16_retired_immortals,retired,Maiar,no,no,immortal_list_2026_06_16,candidate
Trexus,2026_06_16_retired_immortals,retired,Maiar,no,no,immortal_list_2026_06_16,candidate
Tsort,2026_06_16_retired_immortals,retired,Boardreaders,no,no,immortal_list_2026_06_16,candidate
Tulkas,2026_06_16_retired_immortals,retired,Aratar,no,no,immortal_list_2026_06_16,candidate
Tuor,2026_06_16_retired_immortals,retired,Maiar,no,no,immortal_list_2026_06_16,candidate
Turmere,2026_06_16_retired_immortals,retired,Maiar,no,no,immortal_list_2026_06_16,candidate
Twibble,2026_06_16_retired_immortals,retired,Maiar,no,no,immortal_list_2026_06_16,candidate
Tylina,2026_06_16_retired_immortals,retired,Boardreaders,no,no,immortal_list_2026_06_16,candidate
Tyr,2026_06_16_retired_immortals,retired,Boardreaders,no,no,immortal_list_2026_06_16,candidate
Ugly,2026_06_16_retired_immortals,retired,Boardreaders,no,no,immortal_list_2026_06_16,candidate
Uinen,2026_06_16_retired_immortals,retired,Maiar,no,no,immortal_list_2026_06_16,candidate
Ulbo,2026_06_16_retired_immortals,retired,Boardreaders,no,no,immortal_list_2026_06_16,candidate
Ulixes,2026_06_16_retired_immortals,retired,Boardreaders,no,no,immortal_list_2026_06_16,candidate
Ulmo,2026_06_16_retired_immortals,retired,Maiar,no,no,immortal_list_2026_06_16,candidate
Ulynn,2026_06_16_retired_immortals,retired,Boardreaders,no,no,immortal_list_2026_06_16,candidate
Urdorf,2026_06_16_retired_immortals,retired,Boardreaders,no,no,immortal_list_2026_06_16,candidate
Urso,2026_06_16_retired_immortals,retired,Boardreaders,no,no,immortal_list_2026_06_16,candidate
Utu,2026_06_16_retired_immortals,retired,Maiar,no,no,immortal_list_2026_06_16,candidate
Vagnar,2026_06_16_retired_immortals,retired,Maiar,no,no,immortal_list_2026_06_16,candidate
Vai,2026_06_16_retired_immortals,retired,Boardreaders,no,no,immortal_list_2026_06_16,candidate
Vairë,2026_06_16_retired_immortals,retired,Valar,no,no,immortal_list_2026_06_16,candidate
Valdórë,2026_06_16_retired_immortals,retired,Boardreaders,no,no,immortal_list_2026_06_16,candidate
Valur,2026_06_16_retired_immortals,retired,Valar,no,no,immortal_list_2026_06_16,candidate
Vanidor,2026_06_16_retired_immortals,retired,Valar,no,no,immortal_list_2026_06_16,candidate
Varda,2026_06_16_retired_immortals,retired,Maiar,no,no,immortal_list_2026_06_16,candidate
Veladan,2026_06_16_current_immortals,current,Maiar,no,no,immortal_list_2026_06_16,candidate
Velkin,2026_06_16_retired_immortals,retired,Boardreaders,no,no,immortal_list_2026_06_16,candidate
Vengeance,2026_06_16_retired_immortals,retired,Valar,no,no,immortal_list_2026_06_16,candidate
Verona,2026_06_16_retired_immortals,retired,Boardreaders,no,no,immortal_list_2026_06_16,candidate
Vico,2026_06_16_retired_immortals,retired,Boardreaders,no,no,immortal_list_2026_06_16,candidate
Vierna,2026_06_16_retired_immortals,retired,Boardreaders,no,no,immortal_list_2026_06_16,candidate
Vigo,2026_06_16_retired_immortals,retired,Boardreaders,no,no,immortal_list_2026_06_16,candidate
Viil,2026_06_16_current_immortals,current,Maiar,yes,no,immortal_list_2026_06_16,candidate
Violith,2026_06_16_retired_immortals,retired,Boardreaders,no,no,immortal_list_2026_06_16,candidate
Vivriel,2026_06_16_retired_immortals,retired,Aratar,no,no,immortal_list_2026_06_16,candidate
Voile,2026_06_16_retired_immortals,retired,Maiar,no,no,immortal_list_2026_06_16,candidate
Vérathos,2026_06_16_retired_immortals,retired,Maiar,no,no,immortal_list_2026_06_16,candidate
Víggo,2026_06_16_retired_immortals,retired,Boardreaders,no,no,immortal_list_2026_06_16,candidate
Võlur,2026_06_16_current_immortals,current,Maiar,no,no,immortal_list_2026_06_16,candidate
Vürogue,2026_06_16_retired_immortals,retired,Boardreaders,no,no,immortal_list_2026_06_16,candidate
Waba,2026_06_16_current_immortals,current,Aratar,no,no,immortal_list_2026_06_16,candidate
Ward,2026_06_16_retired_immortals,retired,Maiar,no,no,immortal_list_2026_06_16,candidate
Ween,2026_06_16_retired_immortals,retired,Boardreaders,no,no,immortal_list_2026_06_16,candidate
Werligh,2026_06_16_retired_immortals,retired,Maiar,no,no,immortal_list_2026_06_16,candidate
Wilderon,2026_06_16_retired_immortals,retired,Boardreaders,no,no,immortal_list_2026_06_16,candidate
Windwalker,2026_06_16_retired_immortals,retired,Maiar,no,no,immortal_list_2026_06_16,candidate
Wiz,2026_06_16_retired_immortals,retired,Boardreaders,no,no,immortal_list_2026_06_16,candidate
Wormtongue,2026_06_16_retired_immortals,retired,Boardreaders,no,no,immortal_list_2026_06_16,candidate
Wow,2026_06_16_retired_immortals,retired,Maiar,no,no,immortal_list_2026_06_16,candidate
Wozak,2026_06_16_retired_immortals,retired,Maiar,no,no,immortal_list_2026_06_16,candidate
Wryak,2026_06_16_retired_immortals,retired,Boardreaders,no,no,immortal_list_2026_06_16,candidate
Wuji,2026_06_16_retired_immortals,retired,Boardreaders,no,no,immortal_list_2026_06_16,candidate
Wulfgart,2026_06_16_retired_immortals,retired,Boardreaders,no,no,immortal_list_2026_06_16,candidate
Xargon,2026_06_16_retired_immortals,retired,Boardreaders,no,no,immortal_list_2026_06_16,candidate
Xcrxx,2026_06_16_retired_immortals,retired,Boardreaders,no,no,immortal_list_2026_06_16,candidate
Xed,2026_06_16_retired_immortals,retired,Valar,no,no,immortal_list_2026_06_16,candidate
Xellia,2026_06_16_current_immortals,current,Maiar,no,no,immortal_list_2026_06_16,candidate
Xero,2026_06_16_retired_immortals,retired,Boardreaders,no,no,immortal_list_2026_06_16,candidate
Xit,2026_06_16_retired_immortals,retired,Boardreaders,no,no,immortal_list_2026_06_16,candidate
Yager,2026_06_16_retired_immortals,retired,Boardreaders,no,no,immortal_list_2026_06_16,candidate
Yants,2026_06_16_retired_immortals,retired,Valar,no,no,immortal_list_2026_06_16,candidate
Yarin,2026_06_16_retired_immortals,retired,Boardreaders,no,no,immortal_list_2026_06_16,candidate
Yavanna,2026_06_16_retired_immortals,retired,Aratar,no,no,immortal_list_2026_06_16,candidate
Ydy,2026_06_16_retired_immortals,retired,Boardreaders,no,no,immortal_list_2026_06_16,candidate
Yeoma,2026_06_16_retired_immortals,retired,Valar,no,no,immortal_list_2026_06_16,candidate
Yim,2026_06_16_retired_immortals,retired,Boardreaders,no,no,immortal_list_2026_06_16,candidate
Yki,2026_06_16_retired_immortals,retired,Boardreaders,no,no,immortal_list_2026_06_16,candidate
Yks,2026_06_16_retired_immortals,retired,Boardreaders,no,no,immortal_list_2026_06_16,candidate
Ynket,2026_06_16_retired_immortals,retired,Boardreaders,no,no,immortal_list_2026_06_16,candidate
Yoda,2026_06_16_retired_immortals,retired,Maiar,no,no,immortal_list_2026_06_16,candidate
Yorick,2026_06_16_retired_immortals,retired,Valar,no,no,immortal_list_2026_06_16,candidate
Ytinas,2026_06_16_retired_immortals,retired,Boardreaders,no,no,immortal_list_2026_06_16,candidate
Yudh,2026_06_16_retired_immortals,retired,Maiar,no,no,immortal_list_2026_06_16,candidate
Yukie,2026_06_16_retired_immortals,retired,Boardreaders,no,no,immortal_list_2026_06_16,candidate
Zachariah,2026_06_16_retired_immortals,retired,Boardreaders,no,no,immortal_list_2026_06_16,candidate
Zakath,2026_06_16_retired_immortals,retired,Aratar,no,no,immortal_list_2026_06_16,candidate
Zarangal,2026_06_16_retired_immortals,retired,Aratar,no,no,immortal_list_2026_06_16,candidate
Zarhuk,2026_06_16_retired_immortals,retired,Maiar,no,no,immortal_list_2026_06_16,candidate
Zathras,2026_06_16_current_immortals,current,Maiar,no,no,immortal_list_2026_06_16,candidate
Zemael,2026_06_16_retired_immortals,retired,Maiar,no,no,immortal_list_2026_06_16,candidate
Zen,2026_06_16_retired_immortals,retired,Boardreaders,no,no,immortal_list_2026_06_16,candidate
Zenon,2026_06_16_retired_immortals,retired,Boardreaders,no,no,immortal_list_2026_06_16,candidate
Zerototh,2026_06_16_retired_immortals,retired,Boardreaders,no,no,immortal_list_2026_06_16,candidate
Zeus,2026_06_16_retired_immortals,retired,Boardreaders,no,no,immortal_list_2026_06_16,candidate
Zhot,2026_06_16_retired_immortals,retired,Boardreaders,no,no,immortal_list_2026_06_16,candidate
Zimri,2026_06_16_retired_immortals,retired,Boardreaders,no,no,immortal_list_2026_06_16,candidate
Zing,2026_06_16_retired_immortals,retired,Maiar,no,no,immortal_list_2026_06_16,candidate
Zlam,2026_06_16_retired_immortals,retired,Boardreaders,no,no,immortal_list_2026_06_16,candidate
Zlinduq,2026_06_16_retired_immortals,retired,Boardreaders,no,no,immortal_list_2026_06_16,candidate
Zolt,2026_06_16_retired_immortals,retired,Maiar,no,no,immortal_list_2026_06_16,candidate
Zun,2026_06_16_retired_immortals,retired,Maiar,no,no,immortal_list_2026_06_16,candidate
Éldrôk,2026_06_16_current_immortals,current,Maiar,no,no,immortal_list_2026_06_16,candidate
Óin,2026_06_16_retired_immortals,retired,Valar,no,no,immortal_list_2026_06_16,candidate
Ólin,2026_06_16_retired_immortals,retired,Boardreaders,no,no,immortal_list_2026_06_16,candidate
Öseler,2026_06_16_retired_immortals,retired,Boardreaders,no,no,immortal_list_2026_06_16,candidate
