source_id,immortal_status,immortal_category,character_key,display_name,is_maiar_muddler,honorary_immortal,evidence_kind,source_order,review_status,notes
2026_06_16_retired_immortals,retired,Implementors,CryHavoc,CryHavoc,no,no,listed_retired_immortal,1,candidate,
2026_06_16_retired_immortals,retired,Implementors,Nada,Nada,no,no,listed_retired_immortal,2,candidate,
2026_06_16_retired_immortals,retired,Aratar,Arion,Arion,no,no,listed_retired_immortal,3,candidate,
2026_06_16_retired_immortals,retired,Aratar,Draught,Draught,no,no,listed_retired_immortal,4,candidate,
2026_06_16_retired_immortals,retired,Aratar,Fili,Fili,no,no,listed_retired_immortal,5,candidate,
2026_06_16_retired_immortals,retired,Aratar,Ilie,Ilie,no,no,listed_retired_immortal,6,candidate,
2026_06_16_retired_immortals,retired,Aratar,Námo,Námo,no,no,listed_retired_immortal,7,candidate,
2026_06_16_retired_immortals,retired,Aratar,Nienor,Nienor,no,no,listed_retired_immortal,8,candidate,
2026_06_16_retired_immortals,retired,Aratar,Staer,Staer,no,no,listed_retired_immortal,9,candidate,
2026_06_16_retired_immortals,retired,Aratar,Sung,Sung,no,no,listed_retired_immortal,10,candidate,
2026_06_16_retired_immortals,retired,Aratar,Thorin,Thorin,no,no,listed_retired_immortal,11,candidate,
2026_06_16_retired_immortals,retired,Aratar,Tulkas,Tulkas,no,no,listed_retired_immortal,12,candidate,
2026_06_16_retired_immortals,retired,Aratar,Vivriel,Vivriel,no,no,listed_retired_immortal,13,candidate,
2026_06_16_retired_immortals,retired,Aratar,Yavanna,Yavanna,no,no,listed_retired_immortal,14,candidate,
2026_06_16_retired_immortals,retired,Aratar,Zakath,Zakath,no,no,listed_retired_immortal,15,candidate,
2026_06_16_retired_immortals,retired,Aratar,Zarangal,Zarangal,no,no,listed_retired_immortal,16,candidate,
2026_06_16_retired_immortals,retired,Valar,Alkar,Alkar,no,no,listed_retired_immortal,17,candidate,
2026_06_16_retired_immortals,retired,Valar,Ancalagon,Ancalagon,no,no,listed_retired_immortal,18,candidate,
2026_06_16_retired_immortals,retired,Valar,Arathorn,Arathorn,no,no,listed_retired_immortal,19,candidate,
2026_06_16_retired_immortals,retired,Valar,Arla,Arla,no,no,listed_retired_immortal,20,candidate,
2026_06_16_retired_immortals,retired,Valar,Avitar,Avitar,no,no,listed_retired_immortal,21,candidate,
2026_06_16_retired_immortals,retired,Valar,Axel,Axel,no,no,listed_retired_immortal,22,candidate,
2026_06_16_retired_immortals,retired,Valar,Gothmog,Gothmog,no,no,listed_retired_immortal,23,candidate,
2026_06_16_retired_immortals,retired,Valar,Incánus,Incánus,no,no,listed_retired_immortal,24,candidate,
2026_06_16_retired_immortals,retired,Valar,Kalev,Kalev,no,no,listed_retired_immortal,25,candidate,
2026_06_16_retired_immortals,retired,Valar,Kroz,Kroz,no,no,listed_retired_immortal,26,candidate,
2026_06_16_retired_immortals,retired,Valar,Makar,Makar,no,no,listed_retired_immortal,27,candidate,
2026_06_16_retired_immortals,retired,Valar,Mandor,Mandor,no,no,listed_retired_immortal,28,candidate,
2026_06_16_retired_immortals,retired,Valar,Mandos,Mandos,no,no,listed_retired_immortal,29,candidate,
2026_06_16_retired_immortals,retired,Valar,Rubius,Rubius,no,no,listed_retired_immortal,30,candidate,
2026_06_16_retired_immortals,retired,Valar,Scar,Scar,no,no,listed_retired_immortal,31,candidate,
2026_06_16_retired_immortals,retired,Valar,Squizz,Squizz,no,no,listed_retired_immortal,32,candidate,
2026_06_16_retired_immortals,retired,Valar,Swix,Swix,no,no,listed_retired_immortal,33,candidate,
2026_06_16_retired_immortals,retired,Valar,Thor,Thor,no,no,listed_retired_immortal,34,candidate,
2026_06_16_retired_immortals,retired,Valar,Thuzzle,Thuzzle,no,no,listed_retired_immortal,35,candidate,
2026_06_16_retired_immortals,retired,Valar,Valur,Valur,no,no,listed_retired_immortal,36,candidate,
2026_06_16_retired_immortals,retired,Valar,Vengeance,Vengeance,no,no,listed_retired_immortal,37,candidate,
2026_06_16_retired_immortals,retired,Valar,Yants,Yants,no,no,listed_retired_immortal,38,candidate,
2026_06_16_retired_immortals,retired,Valar,Yeoma,Yeoma,no,no,listed_retired_immortal,39,candidate,
2026_06_16_retired_immortals,retired,Valar,Yorick,Yorick,no,no,listed_retired_immortal,40,candidate,
2026_06_16_retired_immortals,retired,Valar,Amandil,Amandil,no,no,listed_retired_immortal,41,candidate,
2026_06_16_retired_immortals,retired,Valar,Aredhel,Aredhel,no,no,listed_retired_immortal,42,candidate,
2026_06_16_retired_immortals,retired,Valar,Ausir,Ausir,no,no,listed_retired_immortal,43,candidate,
2026_06_16_retired_immortals,retired,Valar,Azaghâl,Azaghâl,no,no,listed_retired_immortal,44,candidate,
2026_06_16_retired_immortals,retired,Valar,Badger,Badger,no,no,listed_retired_immortal,45,candidate,
2026_06_16_retired_immortals,retired,Valar,Darthang,Darthang,no,no,listed_retired_immortal,46,candidate,
2026_06_16_retired_immortals,retired,Valar,Déor,Déor,no,no,listed_retired_immortal,47,candidate,
2026_06_16_retired_immortals,retired,Valar,Eärendil,Eärendil,no,no,listed_retired_immortal,48,candidate,
2026_06_16_retired_immortals,retired,Valar,Eönwe,Eönwe,no,no,listed_retired_immortal,49,candidate,
2026_06_16_retired_immortals,retired,Valar,Fëanor,Fëanor,no,no,listed_retired_immortal,50,candidate,
2026_06_16_retired_immortals,retired,Valar,Galen,Galen,no,no,listed_retired_immortal,51,candidate,
2026_06_16_retired_immortals,retired,Valar,Ghostly,Ghostly,no,no,listed_retired_immortal,52,candidate,
2026_06_16_retired_immortals,retired,Valar,Gruenthar,Gruenthar,no,no,listed_retired_immortal,53,candidate,
2026_06_16_retired_immortals,retired,Valar,Ingtar,Ingtar,no,no,listed_retired_immortal,54,candidate,
2026_06_16_retired_immortals,retired,Valar,Keltic,Keltic,no,no,listed_retired_immortal,55,candidate,
2026_06_16_retired_immortals,retired,Valar,Lomion,Lomion,no,no,listed_retired_immortal,56,candidate,
2026_06_16_retired_immortals,retired,Valar,Luinil,Luinil,no,no,listed_retired_immortal,57,candidate,
2026_06_16_retired_immortals,retired,Valar,Maedhros,Maedhros,no,no,listed_retired_immortal,58,candidate,
2026_06_16_retired_immortals,retired,Valar,Óin,Óin,no,no,listed_retired_immortal,59,candidate,
2026_06_16_retired_immortals,retired,Valar,Petrel,Petrel,no,no,listed_retired_immortal,60,candidate,
2026_06_16_retired_immortals,retired,Valar,Phier,Phier,no,no,listed_retired_immortal,61,candidate,
2026_06_16_retired_immortals,retired,Valar,Ressaven,Ressaven,no,no,listed_retired_immortal,62,candidate,
2026_06_16_retired_immortals,retired,Valar,Rokee,Rokee,no,no,listed_retired_immortal,63,candidate,
2026_06_16_retired_immortals,retired,Valar,Tinkerbell,Tinkerbell,no,no,listed_retired_immortal,64,candidate,
2026_06_16_retired_immortals,retired,Valar,Vairë,Vairë,no,no,listed_retired_immortal,65,candidate,
2026_06_16_retired_immortals,retired,Valar,Vanidor,Vanidor,no,no,listed_retired_immortal,66,candidate,
2026_06_16_retired_immortals,retired,Valar,Xed,Xed,no,no,listed_retired_immortal,67,candidate,
2026_06_16_retired_immortals,retired,Maiar,Ariakas,Ariakas,no,no,listed_retired_immortal,68,candidate,
2026_06_16_retired_immortals,retired,Maiar,Aule,Aule,no,no,listed_retired_immortal,69,candidate,
2026_06_16_retired_immortals,retired,Maiar,Eolung,Eolung,no,no,listed_retired_immortal,70,candidate,
2026_06_16_retired_immortals,retired,Maiar,Ferumbras,Ferumbras,no,no,listed_retired_immortal,71,candidate,
2026_06_16_retired_immortals,retired,Maiar,Helevorn,Helevorn,no,no,listed_retired_immortal,72,candidate,
2026_06_16_retired_immortals,retired,Maiar,Liliah,Liliah,no,no,listed_retired_immortal,73,candidate,
2026_06_16_retired_immortals,retired,Maiar,Quillis,Quillis,no,no,listed_retired_immortal,74,candidate,
2026_06_16_retired_immortals,retired,Maiar,Rashnak,Rashnak,no,no,listed_retired_immortal,75,candidate,
2026_06_16_retired_immortals,retired,Maiar,Ren,Ren,no,no,listed_retired_immortal,76,candidate,
2026_06_16_retired_immortals,retired,Maiar,Soba,Soba,no,no,listed_retired_immortal,77,candidate,
2026_06_16_retired_immortals,retired,Maiar,Trent,Trent,no,no,listed_retired_immortal,78,candidate,
2026_06_16_retired_immortals,retired,Maiar,Uinen,Uinen,no,no,listed_retired_immortal,79,candidate,
2026_06_16_retired_immortals,retired,Maiar,Varda,Varda,no,no,listed_retired_immortal,80,candidate,
2026_06_16_retired_immortals,retired,Maiar,Aderyn,Aderyn,no,no,listed_retired_immortal,81,candidate,
2026_06_16_retired_immortals,retired,Maiar,Alantir,Alantir,no,no,listed_retired_immortal,82,candidate,
2026_06_16_retired_immortals,retired,Maiar,Alysia,Alysia,no,no,listed_retired_immortal,83,candidate,
2026_06_16_retired_immortals,retired,Maiar,Anthrax,Anthrax,no,no,listed_retired_immortal,84,candidate,
2026_06_16_retired_immortals,retired,Maiar,Ariana,Ariana,no,no,listed_retired_immortal,85,candidate,
2026_06_16_retired_immortals,retired,Maiar,Atanatar,Atanatar,no,no,listed_retired_immortal,86,candidate,
2026_06_16_retired_immortals,retired,Maiar,Belegor,Belegor,no,no,listed_retired_immortal,87,candidate,
2026_06_16_retired_immortals,retired,Maiar,Calebin,Calebin,no,no,listed_retired_immortal,88,candidate,
2026_06_16_retired_immortals,retired,Maiar,Calmacil,Calmacil,no,no,listed_retired_immortal,89,candidate,
2026_06_16_retired_immortals,retired,Maiar,Cardin,Cardin,no,no,listed_retired_immortal,90,candidate,
2026_06_16_retired_immortals,retired,Maiar,Celebsil,Celebsil,no,no,listed_retired_immortal,91,candidate,
2026_06_16_retired_immortals,retired,Maiar,Chay,Chay,no,no,listed_retired_immortal,92,candidate,
2026_06_16_retired_immortals,retired,Maiar,Chicken,Chicken,no,no,listed_retired_immortal,93,candidate,
2026_06_16_retired_immortals,retired,Maiar,Creston,Creston,no,no,listed_retired_immortal,94,candidate,
2026_06_16_retired_immortals,retired,Maiar,Daniel,Daniel,no,no,listed_retired_immortal,95,candidate,
2026_06_16_retired_immortals,retired,Maiar,Destiny,Destiny,no,no,listed_retired_immortal,96,candidate,
2026_06_16_retired_immortals,retired,Maiar,Dorien,Dorien,no,no,listed_retired_immortal,97,candidate,
2026_06_16_retired_immortals,retired,Maiar,Dorin,Dorin,no,no,listed_retired_immortal,98,candidate,
2026_06_16_retired_immortals,retired,Maiar,Drago,Drago,no,no,listed_retired_immortal,99,candidate,
2026_06_16_retired_immortals,retired,Maiar,Durin,Durin,no,no,listed_retired_immortal,100,candidate,
2026_06_16_retired_immortals,retired,Maiar,Elfan,Elfan,no,no,listed_retired_immortal,101,candidate,
2026_06_16_retired_immortals,retired,Maiar,Everminda,Everminda,no,no,listed_retired_immortal,102,candidate,
2026_06_16_retired_immortals,retired,Maiar,Foin,Foin,no,no,listed_retired_immortal,103,candidate,
2026_06_16_retired_immortals,retired,Maiar,Fornax,Fornax,no,no,listed_retired_immortal,104,candidate,
2026_06_16_retired_immortals,retired,Maiar,Gattling,Gattling,no,no,listed_retired_immortal,105,candidate,
2026_06_16_retired_immortals,retired,Maiar,Gertrude,Gertrude,no,no,listed_retired_immortal,106,candidate,
2026_06_16_retired_immortals,retired,Maiar,Gilgala,Gilgala,no,no,listed_retired_immortal,107,candidate,
2026_06_16_retired_immortals,retired,Maiar,Gonfor,Gonfor,no,no,listed_retired_immortal,108,candidate,
2026_06_16_retired_immortals,retired,Maiar,Good,Good,no,no,listed_retired_immortal,109,candidate,
2026_06_16_retired_immortals,retired,Maiar,Grax,Grax,no,no,listed_retired_immortal,110,candidate,
2026_06_16_retired_immortals,retired,Maiar,Grumble,Grumble,no,no,listed_retired_immortal,111,candidate,
2026_06_16_retired_immortals,retired,Maiar,Harad,Harad,no,no,listed_retired_immortal,112,candidate,
2026_06_16_retired_immortals,retired,Maiar,Helene,Helene,no,no,listed_retired_immortal,113,candidate,
2026_06_16_retired_immortals,retired,Maiar,Hobbi,Hobbi,no,no,listed_retired_immortal,114,candidate,
2026_06_16_retired_immortals,retired,Maiar,Isildyr,Isildyr,no,no,listed_retired_immortal,115,candidate,
2026_06_16_retired_immortals,retired,Maiar,Isóldir,Isóldir,no,no,listed_retired_immortal,116,candidate,
2026_06_16_retired_immortals,retired,Maiar,Jabba,Jabba,no,no,listed_retired_immortal,117,candidate,
2026_06_16_retired_immortals,retired,Maiar,Jak,Jak,no,no,listed_retired_immortal,118,candidate,
2026_06_16_retired_immortals,retired,Maiar,Kal,Kal,no,no,listed_retired_immortal,119,candidate,
2026_06_16_retired_immortals,retired,Maiar,Karnak,Karnak,no,no,listed_retired_immortal,120,candidate,
2026_06_16_retired_immortals,retired,Maiar,Ke,Ke,no,no,listed_retired_immortal,121,candidate,
2026_06_16_retired_immortals,retired,Maiar,Khan,Khan,no,no,listed_retired_immortal,122,candidate,
2026_06_16_retired_immortals,retired,Maiar,Khazander,Khazander,no,no,listed_retired_immortal,123,candidate,
2026_06_16_retired_immortals,retired,Maiar,Kovenya,Kovenya,no,no,listed_retired_immortal,124,candidate,
2026_06_16_retired_immortals,retired,Maiar,Kril,Kril,no,no,listed_retired_immortal,125,candidate,
2026_06_16_retired_immortals,retired,Maiar,Larien,Larien,no,no,listed_retired_immortal,126,candidate,
2026_06_16_retired_immortals,retired,Maiar,Lauryn,Lauryn,no,no,listed_retired_immortal,127,candidate,
2026_06_16_retired_immortals,retired,Maiar,Lena,Lena,no,no,listed_retired_immortal,128,candidate,
2026_06_16_retired_immortals,retired,Maiar,LilleMan,LilleMan,no,no,listed_retired_immortal,129,candidate,
2026_06_16_retired_immortals,retired,Maiar,Loden,Loden,no,no,listed_retired_immortal,130,candidate,
2026_06_16_retired_immortals,retired,Maiar,Lone,Lone,no,no,listed_retired_immortal,131,candidate,
2026_06_16_retired_immortals,retired,Maiar,Lorien,Lorien,no,no,listed_retired_immortal,132,candidate,
2026_06_16_retired_immortals,retired,Maiar,Ludwig,Ludwig,no,no,listed_retired_immortal,133,candidate,
2026_06_16_retired_immortals,retired,Maiar,Macabre,Macabre,no,no,listed_retired_immortal,134,candidate,
2026_06_16_retired_immortals,retired,Maiar,Manatark,Manatark,no,no,listed_retired_immortal,135,candidate,
2026_06_16_retired_immortals,retired,Maiar,Marathon,Marathon,no,no,listed_retired_immortal,136,candidate,
2026_06_16_retired_immortals,retired,Maiar,Merlyn,Merlyn,no,no,listed_retired_immortal,137,candidate,
2026_06_16_retired_immortals,retired,Maiar,Mezmeree,Mezmeree,no,no,listed_retired_immortal,138,candidate,
2026_06_16_retired_immortals,retired,Maiar,Mîm,Mîm,no,no,listed_retired_immortal,139,candidate,
2026_06_16_retired_immortals,retired,Maiar,Ministry,Ministry,no,no,listed_retired_immortal,140,candidate,
2026_06_16_retired_immortals,retired,Maiar,Miser,Miser,no,no,listed_retired_immortal,141,candidate,
2026_06_16_retired_immortals,retired,Maiar,Mocny,Mocny,no,no,listed_retired_immortal,142,candidate,
2026_06_16_retired_immortals,retired,Maiar,Mujahid,Mujahid,no,no,listed_retired_immortal,143,candidate,
2026_06_16_retired_immortals,retired,Maiar,Nugle,Nugle,no,no,listed_retired_immortal,144,candidate,
2026_06_16_retired_immortals,retired,Maiar,Olorin,Olorin,no,no,listed_retired_immortal,145,candidate,
2026_06_16_retired_immortals,retired,Maiar,Orion,Orion,no,no,listed_retired_immortal,146,candidate,
2026_06_16_retired_immortals,retired,Maiar,Orome,Orome,no,no,listed_retired_immortal,147,candidate,
2026_06_16_retired_immortals,retired,Maiar,Pallando,Pallando,no,no,listed_retired_immortal,148,candidate,
2026_06_16_retired_immortals,retired,Maiar,Paras,Paras,no,no,listed_retired_immortal,149,candidate,
2026_06_16_retired_immortals,retired,Maiar,Pikel,Pikel,no,no,listed_retired_immortal,150,candidate,
2026_06_16_retired_immortals,retired,Maiar,Qwerty,Qwerty,no,no,listed_retired_immortal,151,candidate,
2026_06_16_retired_immortals,retired,Maiar,Rik,Rik,no,no,listed_retired_immortal,152,candidate,
2026_06_16_retired_immortals,retired,Maiar,Rivas,Rivas,no,no,listed_retired_immortal,153,candidate,
2026_06_16_retired_immortals,retired,Maiar,Sadet,Sadet,no,no,listed_retired_immortal,154,candidate,
2026_06_16_retired_immortals,retired,Maiar,Securitate,Securitate,no,no,listed_retired_immortal,155,candidate,
2026_06_16_retired_immortals,retired,Maiar,Snow,Snow,no,no,listed_retired_immortal,156,candidate,
2026_06_16_retired_immortals,retired,Maiar,Stimpy,Stimpy,no,no,listed_retired_immortal,157,candidate,
2026_06_16_retired_immortals,retired,Maiar,Talia,Talia,no,no,listed_retired_immortal,158,candidate,
2026_06_16_retired_immortals,retired,Maiar,Teriláen,Teriláen,no,no,listed_retired_immortal,159,candidate,
2026_06_16_retired_immortals,retired,Maiar,Terwin,Terwin,no,no,listed_retired_immortal,160,candidate,
2026_06_16_retired_immortals,retired,Maiar,Thanatos,Thanatos,no,no,listed_retired_immortal,161,candidate,
2026_06_16_retired_immortals,retired,Maiar,Thran,Thran,no,no,listed_retired_immortal,162,candidate,
2026_06_16_retired_immortals,retired,Maiar,TranserGod,TranserGod,no,no,listed_retired_immortal,163,candidate,
2026_06_16_retired_immortals,retired,Maiar,Trexus,Trexus,no,no,listed_retired_immortal,164,candidate,
2026_06_16_retired_immortals,retired,Maiar,Turmere,Turmere,no,no,listed_retired_immortal,165,candidate,
2026_06_16_retired_immortals,retired,Maiar,Twibble,Twibble,no,no,listed_retired_immortal,166,candidate,
2026_06_16_retired_immortals,retired,Maiar,Ulmo,Ulmo,no,no,listed_retired_immortal,167,candidate,
2026_06_16_retired_immortals,retired,Maiar,Werligh,Werligh,no,no,listed_retired_immortal,168,candidate,
2026_06_16_retired_immortals,retired,Maiar,Wozak,Wozak,no,no,listed_retired_immortal,169,candidate,
2026_06_16_retired_immortals,retired,Maiar,Yoda,Yoda,no,no,listed_retired_immortal,170,candidate,
2026_06_16_retired_immortals,retired,Maiar,Yudh,Yudh,no,no,listed_retired_immortal,171,candidate,
2026_06_16_retired_immortals,retired,Maiar,Zemael,Zemael,no,no,listed_retired_immortal,172,candidate,
2026_06_16_retired_immortals,retired,Maiar,Zolt,Zolt,no,no,listed_retired_immortal,173,candidate,
2026_06_16_retired_immortals,retired,Maiar,Zun,Zun,no,no,listed_retired_immortal,174,candidate,
2026_06_16_retired_immortals,retired,Maiar,Bit,Bit,no,no,listed_retired_immortal,175,candidate,
2026_06_16_retired_immortals,retired,Maiar,Blimb,Blimb,no,no,listed_retired_immortal,176,candidate,
2026_06_16_retired_immortals,retired,Maiar,Burnus,Burnus,no,no,listed_retired_immortal,177,candidate,
2026_06_16_retired_immortals,retired,Maiar,Caesar,Caesar,no,no,listed_retired_immortal,178,candidate,
2026_06_16_retired_immortals,retired,Maiar,Cassanunda,Cassanunda,no,no,listed_retired_immortal,179,candidate,
2026_06_16_retired_immortals,retired,Maiar,Cookie,Cookie,no,no,listed_retired_immortal,180,candidate,
2026_06_16_retired_immortals,retired,Maiar,Crazack,Crazack,no,no,listed_retired_immortal,181,candidate,
2026_06_16_retired_immortals,retired,Maiar,Dorn,Dorn,no,no,listed_retired_immortal,182,candidate,
2026_06_16_retired_immortals,retired,Maiar,Draak,Draak,no,no,listed_retired_immortal,183,candidate,
2026_06_16_retired_immortals,retired,Maiar,Elan,Elan,no,no,listed_retired_immortal,184,candidate,
2026_06_16_retired_immortals,retired,Maiar,Fog,Fog,no,no,listed_retired_immortal,185,candidate,
2026_06_16_retired_immortals,retired,Maiar,Gaul,Gaul,no,no,listed_retired_immortal,186,candidate,
2026_06_16_retired_immortals,retired,Maiar,Gefe,Gefe,no,no,listed_retired_immortal,187,candidate,
2026_06_16_retired_immortals,retired,Maiar,Gwaywffon,Gwaywffon,no,no,listed_retired_immortal,188,candidate,
2026_06_16_retired_immortals,retired,Maiar,Kardrim,Kardrim,no,no,listed_retired_immortal,189,candidate,
2026_06_16_retired_immortals,retired,Maiar,Karlsburg,Karlsburg,no,no,listed_retired_immortal,190,candidate,
2026_06_16_retired_immortals,retired,Maiar,Leetah,Leetah,no,no,listed_retired_immortal,191,candidate,
2026_06_16_retired_immortals,retired,Maiar,Morceleb,Morceleb,no,no,listed_retired_immortal,192,candidate,
2026_06_16_retired_immortals,retired,Maiar,Narcissus,Narcissus,no,no,listed_retired_immortal,193,candidate,
2026_06_16_retired_immortals,retired,Maiar,Nom,Nom,no,no,listed_retired_immortal,194,candidate,
2026_06_16_retired_immortals,retired,Maiar,Phloxy,Phloxy,no,no,listed_retired_immortal,195,candidate,
2026_06_16_retired_immortals,retired,Maiar,Science,Science,no,no,listed_retired_immortal,196,candidate,
2026_06_16_retired_immortals,retired,Maiar,Shaedric,Shaedric,no,no,listed_retired_immortal,197,candidate,
2026_06_16_retired_immortals,retired,Maiar,Shorn,Shorn,no,no,listed_retired_immortal,198,candidate,
2026_06_16_retired_immortals,retired,Maiar,Sinprejic,Sinprejic,no,no,listed_retired_immortal,199,candidate,
2026_06_16_retired_immortals,retired,Maiar,Terdamon,Terdamon,no,no,listed_retired_immortal,200,candidate,
2026_06_16_retired_immortals,retired,Maiar,Utu,Utu,no,no,listed_retired_immortal,201,candidate,
2026_06_16_retired_immortals,retired,Maiar,Ward,Ward,no,no,listed_retired_immortal,202,candidate,
2026_06_16_retired_immortals,retired,Maiar,Zarhuk,Zarhuk,no,no,listed_retired_immortal,203,candidate,
2026_06_16_retired_immortals,retired,Maiar,Aielë,Aielë,no,no,listed_retired_immortal,204,candidate,
2026_06_16_retired_immortals,retired,Maiar,Alamar,Alamar,no,no,listed_retired_immortal,205,candidate,
2026_06_16_retired_immortals,retired,Maiar,Amlion,Amlion,no,no,listed_retired_immortal,206,candidate,
2026_06_16_retired_immortals,retired,Maiar,Ammon,Ammon,no,no,listed_retired_immortal,207,candidate,
2026_06_16_retired_immortals,retired,Maiar,Anne,Anne,no,no,listed_retired_immortal,208,candidate,
2026_06_16_retired_immortals,retired,Maiar,Aratan,Aratan,no,no,listed_retired_immortal,209,candidate,
2026_06_16_retired_immortals,retired,Maiar,Atlas,Atlas,no,no,listed_retired_immortal,210,candidate,
2026_06_16_retired_immortals,retired,Maiar,Babe,Babe,no,no,listed_retired_immortal,211,candidate,
2026_06_16_retired_immortals,retired,Maiar,Bambuk,Bambuk,no,no,listed_retired_immortal,212,candidate,
2026_06_16_retired_immortals,retired,Maiar,Barney,Barney,no,no,listed_retired_immortal,213,candidate,
2026_06_16_retired_immortals,retired,Maiar,Becha,Becha,no,no,listed_retired_immortal,214,candidate,
2026_06_16_retired_immortals,retired,Maiar,Belenos,Belenos,no,no,listed_retired_immortal,215,candidate,
2026_06_16_retired_immortals,retired,Maiar,Beregond,Beregond,no,no,listed_retired_immortal,216,candidate,
2026_06_16_retired_immortals,retired,Maiar,Caerroil,Caerroil,no,no,listed_retired_immortal,217,candidate,
2026_06_16_retired_immortals,retired,Maiar,Chauncey,Chauncey,no,no,listed_retired_immortal,218,candidate,
2026_06_16_retired_immortals,retired,Maiar,Chavez,Chavez,no,no,listed_retired_immortal,219,candidate,
2026_06_16_retired_immortals,retired,Maiar,Conklin,Conklin,no,no,listed_retired_immortal,220,candidate,
2026_06_16_retired_immortals,retired,Maiar,Daemor,Daemor,no,no,listed_retired_immortal,221,candidate,
2026_06_16_retired_immortals,retired,Maiar,Dardhel,Dardhel,no,no,listed_retired_immortal,222,candidate,
2026_06_16_retired_immortals,retired,Maiar,Degolas,Degolas,no,no,listed_retired_immortal,223,candidate,
2026_06_16_retired_immortals,retired,Maiar,Djinn,Djinn,no,no,listed_retired_immortal,224,candidate,
2026_06_16_retired_immortals,retired,Maiar,Donutello,Donutello,no,no,listed_retired_immortal,225,candidate,
2026_06_16_retired_immortals,retired,Maiar,Drugar,Drugar,no,no,listed_retired_immortal,226,candidate,
2026_06_16_retired_immortals,retired,Maiar,Eärendel,Eärendel,no,no,listed_retired_immortal,227,candidate,
2026_06_16_retired_immortals,retired,Maiar,Elerrína,Elerrína,no,no,listed_retired_immortal,228,candidate,
2026_06_16_retired_immortals,retired,Maiar,Elvis,Elvis,no,no,listed_retired_immortal,229,candidate,
2026_06_16_retired_immortals,retired,Maiar,Erent,Erent,no,no,listed_retired_immortal,230,candidate,
2026_06_16_retired_immortals,retired,Maiar,Erg,Erg,no,no,listed_retired_immortal,231,candidate,
2026_06_16_retired_immortals,retired,Maiar,Fakhr,Fakhr,no,no,listed_retired_immortal,232,candidate,
2026_06_16_retired_immortals,retired,Maiar,Falch,Falch,no,no,listed_retired_immortal,233,candidate,
2026_06_16_retired_immortals,retired,Maiar,Faloth,Faloth,no,no,listed_retired_immortal,234,candidate,
2026_06_16_retired_immortals,retired,Maiar,Fëagil,Fëagil,no,no,listed_retired_immortal,235,candidate,
2026_06_16_retired_immortals,retired,Maiar,Filmus,Filmus,no,no,listed_retired_immortal,236,candidate,
2026_06_16_retired_immortals,retired,Maiar,Firebolt,Firebolt,no,no,listed_retired_immortal,237,candidate,
2026_06_16_retired_immortals,retired,Maiar,Foobitz,Foobitz,no,no,listed_retired_immortal,238,candidate,
2026_06_16_retired_immortals,retired,Maiar,Foroil,Foroil,no,no,listed_retired_immortal,239,candidate,
2026_06_16_retired_immortals,retired,Maiar,Fredde,Fredde,no,no,listed_retired_immortal,240,candidate,
2026_06_16_retired_immortals,retired,Maiar,Freyja,Freyja,no,no,listed_retired_immortal,241,candidate,
2026_06_16_retired_immortals,retired,Maiar,Gathen,Gathen,no,no,listed_retired_immortal,242,candidate,
2026_06_16_retired_immortals,retired,Maiar,Gnomette,Gnomette,no,no,listed_retired_immortal,243,candidate,
2026_06_16_retired_immortals,retired,Maiar,Gríma,Gríma,no,no,listed_retired_immortal,244,candidate,
2026_06_16_retired_immortals,retired,Maiar,Grimble,Grimble,no,no,listed_retired_immortal,245,candidate,
2026_06_16_retired_immortals,retired,Maiar,Hanse,Hanse,no,no,listed_retired_immortal,246,candidate,
2026_06_16_retired_immortals,retired,Maiar,Hoho,Hoho,no,no,listed_retired_immortal,247,candidate,
2026_06_16_retired_immortals,retired,Maiar,Hza,Hza,no,no,listed_retired_immortal,248,candidate,
2026_06_16_retired_immortals,retired,Maiar,Iluvator,Iluvator,no,no,listed_retired_immortal,249,candidate,
2026_06_16_retired_immortals,retired,Maiar,Irikan,Irikan,no,no,listed_retired_immortal,250,candidate,
2026_06_16_retired_immortals,retired,Maiar,Jaelle,Jaelle,no,no,listed_retired_immortal,251,candidate,
2026_06_16_retired_immortals,retired,Maiar,Krazy,Krazy,no,no,listed_retired_immortal,252,candidate,
2026_06_16_retired_immortals,retired,Maiar,Kyratai,Kyratai,no,no,listed_retired_immortal,253,candidate,
2026_06_16_retired_immortals,retired,Maiar,Lede,Lede,no,no,listed_retired_immortal,254,candidate,
2026_06_16_retired_immortals,retired,Maiar,Legon,Legon,no,no,listed_retired_immortal,255,candidate,
2026_06_16_retired_immortals,retired,Maiar,Lilja,Lilja,no,no,listed_retired_immortal,256,candidate,
2026_06_16_retired_immortals,retired,Maiar,Luineth,Luineth,no,no,listed_retired_immortal,257,candidate,
2026_06_16_retired_immortals,retired,Maiar,Marcho,Marcho,no,no,listed_retired_immortal,258,candidate,
2026_06_16_retired_immortals,retired,Maiar,Marvin,Marvin,no,no,listed_retired_immortal,259,candidate,
2026_06_16_retired_immortals,retired,Maiar,Masq,Masq,no,no,listed_retired_immortal,260,candidate,
2026_06_16_retired_immortals,retired,Maiar,Meneldil,Meneldil,no,no,listed_retired_immortal,261,candidate,
2026_06_16_retired_immortals,retired,Maiar,Mirabella,Mirabella,no,no,listed_retired_immortal,262,candidate,
2026_06_16_retired_immortals,retired,Maiar,Monk,Monk,no,no,listed_retired_immortal,263,candidate,
2026_06_16_retired_immortals,retired,Maiar,Morten,Morten,no,no,listed_retired_immortal,264,candidate,
2026_06_16_retired_immortals,retired,Maiar,Narndir,Narndir,no,no,listed_retired_immortal,265,candidate,
2026_06_16_retired_immortals,retired,Maiar,Niccolo,Niccolo,no,no,listed_retired_immortal,266,candidate,
2026_06_16_retired_immortals,retired,Maiar,Nighthawk,Nighthawk,no,no,listed_retired_immortal,267,candidate,
2026_06_16_retired_immortals,retired,Maiar,Nukah,Nukah,no,no,listed_retired_immortal,268,candidate,
2026_06_16_retired_immortals,retired,Maiar,Parador,Parador,no,no,listed_retired_immortal,269,candidate,
2026_06_16_retired_immortals,retired,Maiar,Perrin,Perrin,no,no,listed_retired_immortal,270,candidate,
2026_06_16_retired_immortals,retired,Maiar,Pils,Pils,no,no,listed_retired_immortal,271,candidate,
2026_06_16_retired_immortals,retired,Maiar,Ria,Ria,no,no,listed_retired_immortal,272,candidate,
2026_06_16_retired_immortals,retired,Maiar,Rut,Rut,no,no,listed_retired_immortal,273,candidate,
2026_06_16_retired_immortals,retired,Maiar,Savior,Savior,no,no,listed_retired_immortal,274,candidate,
2026_06_16_retired_immortals,retired,Maiar,Shalott,Shalott,no,no,listed_retired_immortal,275,candidate,
2026_06_16_retired_immortals,retired,Maiar,Silosseth,Silosseth,no,no,listed_retired_immortal,276,candidate,
2026_06_16_retired_immortals,retired,Maiar,Skyhawk,Skyhawk,no,no,listed_retired_immortal,277,candidate,
2026_06_16_retired_immortals,retired,Maiar,Smalls,Smalls,no,no,listed_retired_immortal,278,candidate,
2026_06_16_retired_immortals,retired,Maiar,Sum,Sum,no,no,listed_retired_immortal,279,candidate,
2026_06_16_retired_immortals,retired,Maiar,Svex,Svex,no,no,listed_retired_immortal,280,candidate,
2026_06_16_retired_immortals,retired,Maiar,Swork,Swork,no,no,listed_retired_immortal,281,candidate,
2026_06_16_retired_immortals,retired,Maiar,Tarnas,Tarnas,no,no,listed_retired_immortal,282,candidate,
2026_06_16_retired_immortals,retired,Maiar,Tinsal,Tinsal,no,no,listed_retired_immortal,283,candidate,
2026_06_16_retired_immortals,retired,Maiar,Tirmenel,Tirmenel,no,no,listed_retired_immortal,284,candidate,
2026_06_16_retired_immortals,retired,Maiar,Tram,Tram,no,no,listed_retired_immortal,285,candidate,
2026_06_16_retired_immortals,retired,Maiar,Tuor,Tuor,no,no,listed_retired_immortal,286,candidate,
2026_06_16_retired_immortals,retired,Maiar,Vagnar,Vagnar,no,no,listed_retired_immortal,287,candidate,
2026_06_16_retired_immortals,retired,Maiar,Vérathos,Vérathos,no,no,listed_retired_immortal,288,candidate,
2026_06_16_retired_immortals,retired,Maiar,Voile,Voile,no,no,listed_retired_immortal,289,candidate,
2026_06_16_retired_immortals,retired,Maiar,Windwalker,Windwalker,no,no,listed_retired_immortal,290,candidate,
2026_06_16_retired_immortals,retired,Maiar,Wow,Wow,no,no,listed_retired_immortal,291,candidate,
2026_06_16_retired_immortals,retired,Maiar,Zing,Zing,no,no,listed_retired_immortal,292,candidate,
2026_06_16_retired_immortals,retired,Boardreaders,Access,Access,no,no,listed_retired_immortal,293,candidate,
2026_06_16_retired_immortals,retired,Boardreaders,Acke,Acke,no,no,listed_retired_immortal,294,candidate,
2026_06_16_retired_immortals,retired,Boardreaders,Ada,Ada,no,no,listed_retired_immortal,295,candidate,
2026_06_16_retired_immortals,retired,Boardreaders,Adara,Adara,no,no,listed_retired_immortal,296,candidate,
2026_06_16_retired_immortals,retired,Boardreaders,Aderel,Aderel,no,no,listed_retired_immortal,297,candidate,
2026_06_16_retired_immortals,retired,Boardreaders,Aellynn,Aellynn,no,no,listed_retired_immortal,298,candidate,
2026_06_16_retired_immortals,retired,Boardreaders,Aetirus,Aetirus,no,no,listed_retired_immortal,299,candidate,
2026_06_16_retired_immortals,retired,Boardreaders,Agamand,Agamand,no,no,listed_retired_immortal,300,candidate,
2026_06_16_retired_immortals,retired,Boardreaders,Aglaruin,Aglaruin,no,no,listed_retired_immortal,301,candidate,
2026_06_16_retired_immortals,retired,Boardreaders,Ahti,Ahti,no,no,listed_retired_immortal,302,candidate,
2026_06_16_retired_immortals,retired,Boardreaders,Ahura,Ahura,no,no,listed_retired_immortal,303,candidate,
2026_06_16_retired_immortals,retired,Boardreaders,Aikios,Aikios,no,no,listed_retired_immortal,304,candidate,
2026_06_16_retired_immortals,retired,Boardreaders,Ainagul,Ainagul,no,no,listed_retired_immortal,305,candidate,
2026_06_16_retired_immortals,retired,Boardreaders,Air,Air,no,no,listed_retired_immortal,306,candidate,
2026_06_16_retired_immortals,retired,Boardreaders,Ajax,Ajax,no,no,listed_retired_immortal,307,candidate,
2026_06_16_retired_immortals,retired,Boardreaders,Akihiko,Akihiko,no,no,listed_retired_immortal,308,candidate,
2026_06_16_retired_immortals,retired,Boardreaders,Alderon,Alderon,no,no,listed_retired_immortal,309,candidate,
2026_06_16_retired_immortals,retired,Boardreaders,Aldor,Aldor,no,no,listed_retired_immortal,310,candidate,
2026_06_16_retired_immortals,retired,Boardreaders,Aldro,Aldro,no,no,listed_retired_immortal,311,candidate,
2026_06_16_retired_immortals,retired,Boardreaders,Alec,Alec,no,no,listed_retired_immortal,312,candidate,
2026_06_16_retired_immortals,retired,Boardreaders,Aleksey,Aleksey,no,no,listed_retired_immortal,313,candidate,
2026_06_16_retired_immortals,retired,Boardreaders,Algolas,Algolas,no,no,listed_retired_immortal,314,candidate,
2026_06_16_retired_immortals,retired,Boardreaders,Almarea,Almarea,no,no,listed_retired_immortal,315,candidate,
2026_06_16_retired_immortals,retired,Boardreaders,Ame,Ame,no,no,listed_retired_immortal,316,candidate,
2026_06_16_retired_immortals,retired,Boardreaders,Amras,Amras,no,no,listed_retired_immortal,317,candidate,
2026_06_16_retired_immortals,retired,Boardreaders,Andela,Andela,no,no,listed_retired_immortal,318,candidate,
2026_06_16_retired_immortals,retired,Boardreaders,Andreas,Andreas,no,no,listed_retired_immortal,319,candidate,
2026_06_16_retired_immortals,retired,Boardreaders,Ankamon,Ankamon,no,no,listed_retired_immortal,320,candidate,
2026_06_16_retired_immortals,retired,Boardreaders,Anómyr,Anómyr,no,no,listed_retired_immortal,321,candidate,
2026_06_16_retired_immortals,retired,Boardreaders,Apolline,Apolline,no,no,listed_retired_immortal,322,candidate,
2026_06_16_retired_immortals,retired,Boardreaders,Araw,Araw,no,no,listed_retired_immortal,323,candidate,
2026_06_16_retired_immortals,retired,Boardreaders,Ares,Ares,no,no,listed_retired_immortal,324,candidate,
2026_06_16_retired_immortals,retired,Boardreaders,Arien,Arien,no,no,listed_retired_immortal,325,candidate,
2026_06_16_retired_immortals,retired,Boardreaders,Aries,Aries,no,no,listed_retired_immortal,326,candidate,
2026_06_16_retired_immortals,retired,Boardreaders,Arina,Arina,no,no,listed_retired_immortal,327,candidate,
2026_06_16_retired_immortals,retired,Boardreaders,Aris,Aris,no,no,listed_retired_immortal,328,candidate,
2026_06_16_retired_immortals,retired,Boardreaders,Ark,Ark,no,no,listed_retired_immortal,329,candidate,
2026_06_16_retired_immortals,retired,Boardreaders,Armin,Armin,no,no,listed_retired_immortal,330,candidate,
2026_06_16_retired_immortals,retired,Boardreaders,Arthad,Arthad,no,no,listed_retired_immortal,331,candidate,
2026_06_16_retired_immortals,retired,Boardreaders,Atani,Atani,no,no,listed_retired_immortal,332,candidate,
2026_06_16_retired_immortals,retired,Boardreaders,Auriane,Auriane,no,no,listed_retired_immortal,333,candidate,
2026_06_16_retired_immortals,retired,Boardreaders,Avatar,Avatar,no,no,listed_retired_immortal,334,candidate,
2026_06_16_retired_immortals,retired,Boardreaders,Awhanil,Awhanil,no,no,listed_retired_immortal,335,candidate,
2026_06_16_retired_immortals,retired,Boardreaders,Awreth,Awreth,no,no,listed_retired_immortal,336,candidate,
2026_06_16_retired_immortals,retired,Boardreaders,Bahrud,Bahrud,no,no,listed_retired_immortal,337,candidate,
2026_06_16_retired_immortals,retired,Boardreaders,Bairanax,Bairanax,no,no,listed_retired_immortal,338,candidate,
2026_06_16_retired_immortals,retired,Boardreaders,Baldur,Baldur,no,no,listed_retired_immortal,339,candidate,
2026_06_16_retired_immortals,retired,Boardreaders,Balux,Balux,no,no,listed_retired_immortal,340,candidate,
2026_06_16_retired_immortals,retired,Boardreaders,Barloen,Barloen,no,no,listed_retired_immortal,341,candidate,
2026_06_16_retired_immortals,retired,Boardreaders,Baw,Baw,no,no,listed_retired_immortal,342,candidate,
2026_06_16_retired_immortals,retired,Boardreaders,Bayd,Bayd,no,no,listed_retired_immortal,343,candidate,
2026_06_16_retired_immortals,retired,Boardreaders,Becrux,Becrux,no,no,listed_retired_immortal,344,candidate,
2026_06_16_retired_immortals,retired,Boardreaders,Beldin,Beldin,no,no,listed_retired_immortal,345,candidate,
2026_06_16_retired_immortals,retired,Boardreaders,Belewor,Belewor,no,no,listed_retired_immortal,346,candidate,
2026_06_16_retired_immortals,retired,Boardreaders,Belmir,Belmir,no,no,listed_retired_immortal,347,candidate,
2026_06_16_retired_immortals,retired,Boardreaders,Beran,Beran,no,no,listed_retired_immortal,348,candidate,
2026_06_16_retired_immortals,retired,Boardreaders,Berek,Berek,no,no,listed_retired_immortal,349,candidate,
2026_06_16_retired_immortals,retired,Boardreaders,Berogond,Berogond,no,no,listed_retired_immortal,350,candidate,
2026_06_16_retired_immortals,retired,Boardreaders,Betsy,Betsy,no,no,listed_retired_immortal,351,candidate,
2026_06_16_retired_immortals,retired,Boardreaders,Bjorne,Bjorne,no,no,listed_retired_immortal,352,candidate,
2026_06_16_retired_immortals,retired,Boardreaders,Blackfox,Blackfox,no,no,listed_retired_immortal,353,candidate,
2026_06_16_retired_immortals,retired,Boardreaders,Bobbie,Bobbie,no,no,listed_retired_immortal,354,candidate,
2026_06_16_retired_immortals,retired,Boardreaders,Bodruith,Bodruith,no,no,listed_retired_immortal,355,candidate,
2026_06_16_retired_immortals,retired,Boardreaders,Boing,Boing,no,no,listed_retired_immortal,356,candidate,
2026_06_16_retired_immortals,retired,Boardreaders,Bomber,Bomber,no,no,listed_retired_immortal,357,candidate,
2026_06_16_retired_immortals,retired,Boardreaders,Bore,Bore,no,no,listed_retired_immortal,358,candidate,
2026_06_16_retired_immortals,retired,Boardreaders,Borne,Borne,no,no,listed_retired_immortal,359,candidate,
2026_06_16_retired_immortals,retired,Boardreaders,Brico,Brico,no,no,listed_retired_immortal,360,candidate,
2026_06_16_retired_immortals,retired,Boardreaders,Bruce,Bruce,no,no,listed_retired_immortal,361,candidate,
2026_06_16_retired_immortals,retired,Boardreaders,Bubla,Bubla,no,no,listed_retired_immortal,362,candidate,
2026_06_16_retired_immortals,retired,Boardreaders,Bullroarer,Bullroarer,no,no,listed_retired_immortal,363,candidate,
2026_06_16_retired_immortals,retired,Boardreaders,Burb,Burb,no,no,listed_retired_immortal,364,candidate,
2026_06_16_retired_immortals,retired,Boardreaders,Burl,Burl,no,no,listed_retired_immortal,365,candidate,
2026_06_16_retired_immortals,retired,Boardreaders,Cai,Cai,no,no,listed_retired_immortal,366,candidate,
2026_06_16_retired_immortals,retired,Boardreaders,Caidi,Caidi,no,no,listed_retired_immortal,367,candidate,
2026_06_16_retired_immortals,retired,Boardreaders,Calamity,Calamity,no,no,listed_retired_immortal,368,candidate,
2026_06_16_retired_immortals,retired,Boardreaders,Calesto,Calesto,no,no,listed_retired_immortal,369,candidate,
2026_06_16_retired_immortals,retired,Boardreaders,Cararion,Cararion,no,no,listed_retired_immortal,370,candidate,
2026_06_16_retired_immortals,retired,Boardreaders,Carousel,Carousel,no,no,listed_retired_immortal,371,candidate,
2026_06_16_retired_immortals,retired,Boardreaders,Cedrim,Cedrim,no,no,listed_retired_immortal,372,candidate,
2026_06_16_retired_immortals,retired,Boardreaders,Ceeris,Ceeris,no,no,listed_retired_immortal,373,candidate,
2026_06_16_retired_immortals,retired,Boardreaders,Ceno,Ceno,no,no,listed_retired_immortal,374,candidate,
2026_06_16_retired_immortals,retired,Boardreaders,Ceres,Ceres,no,no,listed_retired_immortal,375,candidate,
2026_06_16_retired_immortals,retired,Boardreaders,Chops,Chops,no,no,listed_retired_immortal,376,candidate,
2026_06_16_retired_immortals,retired,Boardreaders,Chrizt,Chrizt,no,no,listed_retired_immortal,377,candidate,
2026_06_16_retired_immortals,retired,Boardreaders,Chuck,Chuck,no,no,listed_retired_immortal,378,candidate,
2026_06_16_retired_immortals,retired,Boardreaders,Cielo,Cielo,no,no,listed_retired_immortal,379,candidate,
2026_06_16_retired_immortals,retired,Boardreaders,Citygaurd,Citygaurd,no,no,listed_retired_immortal,380,candidate,
2026_06_16_retired_immortals,retired,Boardreaders,Cliff,Cliff,no,no,listed_retired_immortal,381,candidate,
2026_06_16_retired_immortals,retired,Boardreaders,Cobble,Cobble,no,no,listed_retired_immortal,382,candidate,
2026_06_16_retired_immortals,retired,Boardreaders,Cormac,Cormac,no,no,listed_retired_immortal,383,candidate,
2026_06_16_retired_immortals,retired,Boardreaders,Cosmos,Cosmos,no,no,listed_retired_immortal,384,candidate,
2026_06_16_retired_immortals,retired,Boardreaders,Covah,Covah,no,no,listed_retired_immortal,385,candidate,
2026_06_16_retired_immortals,retired,Boardreaders,Coydt,Coydt,no,no,listed_retired_immortal,386,candidate,
2026_06_16_retired_immortals,retired,Boardreaders,Critter,Critter,no,no,listed_retired_immortal,387,candidate,
2026_06_16_retired_immortals,retired,Boardreaders,Crysania,Crysania,no,no,listed_retired_immortal,388,candidate,
2026_06_16_retired_immortals,retired,Boardreaders,Culbor,Culbor,no,no,listed_retired_immortal,389,candidate,
2026_06_16_retired_immortals,retired,Boardreaders,Curumo,Curumo,no,no,listed_retired_immortal,390,candidate,
2026_06_16_retired_immortals,retired,Boardreaders,Cute,Cute,no,no,listed_retired_immortal,391,candidate,
2026_06_16_retired_immortals,retired,Boardreaders,Cúthalion,Cúthalion,no,no,listed_retired_immortal,392,candidate,
2026_06_16_retired_immortals,retired,Boardreaders,Dand,Dand,no,no,listed_retired_immortal,393,candidate,
2026_06_16_retired_immortals,retired,Boardreaders,Darcy,Darcy,no,no,listed_retired_immortal,394,candidate,
2026_06_16_retired_immortals,retired,Boardreaders,Dargor,Dargor,no,no,listed_retired_immortal,395,candidate,
2026_06_16_retired_immortals,retired,Boardreaders,Daro,Daro,no,no,listed_retired_immortal,396,candidate,
2026_06_16_retired_immortals,retired,Boardreaders,Darquin,Darquin,no,no,listed_retired_immortal,397,candidate,
2026_06_16_retired_immortals,retired,Boardreaders,Darvil,Darvil,no,no,listed_retired_immortal,398,candidate,
2026_06_16_retired_immortals,retired,Boardreaders,Daryl,Daryl,no,no,listed_retired_immortal,399,candidate,
2026_06_16_retired_immortals,retired,Boardreaders,David,David,no,no,listed_retired_immortal,400,candidate,
2026_06_16_retired_immortals,retired,Boardreaders,Deamon,Deamon,no,no,listed_retired_immortal,401,candidate,
2026_06_16_retired_immortals,retired,Boardreaders,Deda,Deda,no,no,listed_retired_immortal,402,candidate,
2026_06_16_retired_immortals,retired,Boardreaders,Déja,Déja,no,no,listed_retired_immortal,403,candidate,
2026_06_16_retired_immortals,retired,Boardreaders,Dende,Dende,no,no,listed_retired_immortal,404,candidate,
2026_06_16_retired_immortals,retired,Boardreaders,Deneth,Deneth,no,no,listed_retired_immortal,405,candidate,
2026_06_16_retired_immortals,retired,Boardreaders,Deodred,Deodred,no,no,listed_retired_immortal,406,candidate,
2026_06_16_retired_immortals,retired,Boardreaders,Deriel,Deriel,no,no,listed_retired_immortal,407,candidate,
2026_06_16_retired_immortals,retired,Boardreaders,Dewa,Dewa,no,no,listed_retired_immortal,408,candidate,
2026_06_16_retired_immortals,retired,Boardreaders,Dhalia,Dhalia,no,no,listed_retired_immortal,409,candidate,
2026_06_16_retired_immortals,retired,Boardreaders,Diana,Diana,no,no,listed_retired_immortal,410,candidate,
2026_06_16_retired_immortals,retired,Boardreaders,Drakiz,Drakiz,no,no,listed_retired_immortal,411,candidate,
2026_06_16_retired_immortals,retired,Boardreaders,Drink,Drink,no,no,listed_retired_immortal,412,candidate,
2026_06_16_retired_immortals,retired,Boardreaders,Dröm,Dröm,no,no,listed_retired_immortal,413,candidate,
2026_06_16_retired_immortals,retired,Boardreaders,Dryden,Dryden,no,no,listed_retired_immortal,414,candidate,
2026_06_16_retired_immortals,retired,Boardreaders,Dúlin,Dúlin,no,no,listed_retired_immortal,415,candidate,
2026_06_16_retired_immortals,retired,Boardreaders,Dushmoll,Dushmoll,no,no,listed_retired_immortal,416,candidate,
2026_06_16_retired_immortals,retired,Boardreaders,Earolon,Earolon,no,no,listed_retired_immortal,417,candidate,
2026_06_16_retired_immortals,retired,Boardreaders,Edomir,Edomir,no,no,listed_retired_immortal,418,candidate,
2026_06_16_retired_immortals,retired,Boardreaders,Edvard,Edvard,no,no,listed_retired_immortal,419,candidate,
2026_06_16_retired_immortals,retired,Boardreaders,Eileya,Eileya,no,no,listed_retired_immortal,420,candidate,
2026_06_16_retired_immortals,retired,Boardreaders,Eis,Eis,no,no,listed_retired_immortal,421,candidate,
2026_06_16_retired_immortals,retired,Boardreaders,Ekolas,Ekolas,no,no,listed_retired_immortal,422,candidate,
2026_06_16_retired_immortals,retired,Boardreaders,Elagorn,Elagorn,no,no,listed_retired_immortal,423,candidate,
2026_06_16_retired_immortals,retired,Boardreaders,Elaniel,Elaniel,no,no,listed_retired_immortal,424,candidate,
2026_06_16_retired_immortals,retired,Boardreaders,Eldahal,Eldahal,no,no,listed_retired_immortal,425,candidate,
2026_06_16_retired_immortals,retired,Boardreaders,Eldamir,Eldamir,no,no,listed_retired_immortal,426,candidate,
2026_06_16_retired_immortals,retired,Boardreaders,Elistan,Elistan,no,no,listed_retired_immortal,427,candidate,
2026_06_16_retired_immortals,retired,Boardreaders,Elithrandir,Elithrandir,no,no,listed_retired_immortal,428,candidate,
2026_06_16_retired_immortals,retired,Boardreaders,Emcas,Emcas,no,no,listed_retired_immortal,429,candidate,
2026_06_16_retired_immortals,retired,Boardreaders,Ender,Ender,no,no,listed_retired_immortal,430,candidate,
2026_06_16_retired_immortals,retired,Boardreaders,Endor,Endor,no,no,listed_retired_immortal,431,candidate,
2026_06_16_retired_immortals,retired,Boardreaders,Enerdhil,Enerdhil,no,no,listed_retired_immortal,432,candidate,
2026_06_16_retired_immortals,retired,Boardreaders,Enforcer,Enforcer,no,no,listed_retired_immortal,433,candidate,
2026_06_16_retired_immortals,retired,Boardreaders,Eporedax,Eporedax,no,no,listed_retired_immortal,434,candidate,
2026_06_16_retired_immortals,retired,Boardreaders,Erach,Erach,no,no,listed_retired_immortal,435,candidate,
2026_06_16_retired_immortals,retired,Boardreaders,Erat,Erat,no,no,listed_retired_immortal,436,candidate,
2026_06_16_retired_immortals,retired,Boardreaders,Erika,Erika,no,no,listed_retired_immortal,437,candidate,
2026_06_16_retired_immortals,retired,Boardreaders,Erios,Erios,no,no,listed_retired_immortal,438,candidate,
2026_06_16_retired_immortals,retired,Boardreaders,Erl,Erl,no,no,listed_retired_immortal,439,candidate,
2026_06_16_retired_immortals,retired,Boardreaders,Esen,Esen,no,no,listed_retired_immortal,440,candidate,
2026_06_16_retired_immortals,retired,Boardreaders,Estike,Estike,no,no,listed_retired_immortal,441,candidate,
2026_06_16_retired_immortals,retired,Boardreaders,Faeythe,Faeythe,no,no,listed_retired_immortal,442,candidate,
2026_06_16_retired_immortals,retired,Boardreaders,Faint,Faint,no,no,listed_retired_immortal,443,candidate,
2026_06_16_retired_immortals,retired,Boardreaders,Farin,Farin,no,no,listed_retired_immortal,444,candidate,
2026_06_16_retired_immortals,retired,Boardreaders,Fastdanr,Fastdanr,no,no,listed_retired_immortal,445,candidate,
2026_06_16_retired_immortals,retired,Boardreaders,Fed,Fed,no,no,listed_retired_immortal,446,candidate,
2026_06_16_retired_immortals,retired,Boardreaders,Felbad,Felbad,no,no,listed_retired_immortal,447,candidate,
2026_06_16_retired_immortals,retired,Boardreaders,Fenderjaguar,Fenderjaguar,no,no,listed_retired_immortal,448,candidate,
2026_06_16_retired_immortals,retired,Boardreaders,Fènrir,Fènrir,no,no,listed_retired_immortal,449,candidate,
2026_06_16_retired_immortals,retired,Boardreaders,Feon,Feon,no,no,listed_retired_immortal,450,candidate,
2026_06_16_retired_immortals,retired,Boardreaders,Ferguson,Ferguson,no,no,listed_retired_immortal,451,candidate,
2026_06_16_retired_immortals,retired,Boardreaders,Feri,Feri,no,no,listed_retired_immortal,452,candidate,
2026_06_16_retired_immortals,retired,Boardreaders,Fgiri,Fgiri,no,no,listed_retired_immortal,453,candidate,
2026_06_16_retired_immortals,retired,Boardreaders,Fidel,Fidel,no,no,listed_retired_immortal,454,candidate,
2026_06_16_retired_immortals,retired,Boardreaders,Filibert,Filibert,no,no,listed_retired_immortal,455,candidate,
2026_06_16_retired_immortals,retired,Boardreaders,Findor,Findor,no,no,listed_retired_immortal,456,candidate,
2026_06_16_retired_immortals,retired,Boardreaders,Fint,Fint,no,no,listed_retired_immortal,457,candidate,
2026_06_16_retired_immortals,retired,Boardreaders,Fionwë,Fionwë,no,no,listed_retired_immortal,458,candidate,
2026_06_16_retired_immortals,retired,Boardreaders,Flash,Flash,no,no,listed_retired_immortal,459,candidate,
2026_06_16_retired_immortals,retired,Boardreaders,Fluk,Fluk,no,no,listed_retired_immortal,460,candidate,
2026_06_16_retired_immortals,retired,Boardreaders,Ford,Ford,no,no,listed_retired_immortal,461,candidate,
2026_06_16_retired_immortals,retired,Boardreaders,Freedom,Freedom,no,no,listed_retired_immortal,462,candidate,
2026_06_16_retired_immortals,retired,Boardreaders,Freeway,Freeway,no,no,listed_retired_immortal,463,candidate,
2026_06_16_retired_immortals,retired,Boardreaders,Freyah,Freyah,no,no,listed_retired_immortal,464,candidate,
2026_06_16_retired_immortals,retired,Boardreaders,Fron,Fron,no,no,listed_retired_immortal,465,candidate,
2026_06_16_retired_immortals,retired,Boardreaders,Fumble,Fumble,no,no,listed_retired_immortal,466,candidate,
2026_06_16_retired_immortals,retired,Boardreaders,Gablgin,Gablgin,no,no,listed_retired_immortal,467,candidate,
2026_06_16_retired_immortals,retired,Boardreaders,Galaviel,Galaviel,no,no,listed_retired_immortal,468,candidate,
2026_06_16_retired_immortals,retired,Boardreaders,Gandalug,Gandalug,no,no,listed_retired_immortal,469,candidate,
2026_06_16_retired_immortals,retired,Boardreaders,Gauss,Gauss,no,no,listed_retired_immortal,470,candidate,
2026_06_16_retired_immortals,retired,Boardreaders,Gawain,Gawain,no,no,listed_retired_immortal,471,candidate,
2026_06_16_retired_immortals,retired,Boardreaders,Gehrman,Gehrman,no,no,listed_retired_immortal,472,candidate,
2026_06_16_retired_immortals,retired,Boardreaders,Genbu,Genbu,no,no,listed_retired_immortal,473,candidate,
2026_06_16_retired_immortals,retired,Boardreaders,Gevald,Gevald,no,no,listed_retired_immortal,474,candidate,
2026_06_16_retired_immortals,retired,Boardreaders,Ghrym,Ghrym,no,no,listed_retired_immortal,475,candidate,
2026_06_16_retired_immortals,retired,Boardreaders,Gili,Gili,no,no,listed_retired_immortal,476,candidate,
2026_06_16_retired_immortals,retired,Boardreaders,Gilthanas,Gilthanas,no,no,listed_retired_immortal,477,candidate,
2026_06_16_retired_immortals,retired,Boardreaders,Gomtuu,Gomtuu,no,no,listed_retired_immortal,478,candidate,
2026_06_16_retired_immortals,retired,Boardreaders,Gordanin,Gordanin,no,no,listed_retired_immortal,479,candidate,
2026_06_16_retired_immortals,retired,Boardreaders,Gorefang,Gorefang,no,no,listed_retired_immortal,480,candidate,
2026_06_16_retired_immortals,retired,Boardreaders,Gorth,Gorth,no,no,listed_retired_immortal,481,candidate,
2026_06_16_retired_immortals,retired,Boardreaders,Gozer,Gozer,no,no,listed_retired_immortal,482,candidate,
2026_06_16_retired_immortals,retired,Boardreaders,Grennif,Grennif,no,no,listed_retired_immortal,483,candidate,
2026_06_16_retired_immortals,retired,Boardreaders,Grin,Grin,no,no,listed_retired_immortal,484,candidate,
2026_06_16_retired_immortals,retired,Boardreaders,Grizz,Grizz,no,no,listed_retired_immortal,485,candidate,
2026_06_16_retired_immortals,retired,Boardreaders,Grung,Grung,no,no,listed_retired_immortal,486,candidate,
2026_06_16_retired_immortals,retired,Boardreaders,Grunge,Grunge,no,no,listed_retired_immortal,487,candidate,
2026_06_16_retired_immortals,retired,Boardreaders,Gruumph,Gruumph,no,no,listed_retired_immortal,488,candidate,
2026_06_16_retired_immortals,retired,Boardreaders,Guilin,Guilin,no,no,listed_retired_immortal,489,candidate,
2026_06_16_retired_immortals,retired,Boardreaders,Guzzi,Guzzi,no,no,listed_retired_immortal,490,candidate,
2026_06_16_retired_immortals,retired,Boardreaders,Gwen,Gwen,no,no,listed_retired_immortal,491,candidate,
2026_06_16_retired_immortals,retired,Boardreaders,Gwendolyn,Gwendolyn,no,no,listed_retired_immortal,492,candidate,
2026_06_16_retired_immortals,retired,Boardreaders,Haelon,Haelon,no,no,listed_retired_immortal,493,candidate,
2026_06_16_retired_immortals,retired,Boardreaders,Hail,Hail,no,no,listed_retired_immortal,494,candidate,
2026_06_16_retired_immortals,retired,Boardreaders,Halal,Halal,no,no,listed_retired_immortal,495,candidate,
2026_06_16_retired_immortals,retired,Boardreaders,Hambag,Hambag,no,no,listed_retired_immortal,496,candidate,
2026_06_16_retired_immortals,retired,Boardreaders,Harco,Harco,no,no,listed_retired_immortal,497,candidate,
2026_06_16_retired_immortals,retired,Boardreaders,Heigo,Heigo,no,no,listed_retired_immortal,498,candidate,
2026_06_16_retired_immortals,retired,Boardreaders,Helmuta,Helmuta,no,no,listed_retired_immortal,499,candidate,
2026_06_16_retired_immortals,retired,Boardreaders,Hermatic,Hermatic,no,no,listed_retired_immortal,500,candidate,
2026_06_16_retired_immortals,retired,Boardreaders,Highlander,Highlander,no,no,listed_retired_immortal,501,candidate,
2026_06_16_retired_immortals,retired,Boardreaders,Hillar,Hillar,no,no,listed_retired_immortal,502,candidate,
2026_06_16_retired_immortals,retired,Boardreaders,Holma,Holma,no,no,listed_retired_immortal,503,candidate,
2026_06_16_retired_immortals,retired,Boardreaders,Hrym,Hrym,no,no,listed_retired_immortal,504,candidate,
2026_06_16_retired_immortals,retired,Boardreaders,Huan,Huan,no,no,listed_retired_immortal,505,candidate,
2026_06_16_retired_immortals,retired,Boardreaders,Humala,Humala,no,no,listed_retired_immortal,506,candidate,
2026_06_16_retired_immortals,retired,Boardreaders,Humpty,Humpty,no,no,listed_retired_immortal,507,candidate,
2026_06_16_retired_immortals,retired,Boardreaders,Húrin,Húrin,no,no,listed_retired_immortal,508,candidate,
2026_06_16_retired_immortals,retired,Boardreaders,Huron,Huron,no,no,listed_retired_immortal,509,candidate,
2026_06_16_retired_immortals,retired,Boardreaders,Idle,Idle,no,no,listed_retired_immortal,510,candidate,
2026_06_16_retired_immortals,retired,Boardreaders,Illüen,Illüen,no,no,listed_retired_immortal,511,candidate,
2026_06_16_retired_immortals,retired,Boardreaders,Illwe,Illwe,no,no,listed_retired_immortal,512,candidate,
2026_06_16_retired_immortals,retired,Boardreaders,Imrahil,Imrahil,no,no,listed_retired_immortal,513,candidate,
2026_06_16_retired_immortals,retired,Boardreaders,Indur,Indur,no,no,listed_retired_immortal,514,candidate,
2026_06_16_retired_immortals,retired,Boardreaders,Inghorlas,Inghorlas,no,no,listed_retired_immortal,515,candidate,
2026_06_16_retired_immortals,retired,Boardreaders,Innocent,Innocent,no,no,listed_retired_immortal,516,candidate,
2026_06_16_retired_immortals,retired,Boardreaders,Inoue,Inoue,no,no,listed_retired_immortal,517,candidate,
2026_06_16_retired_immortals,retired,Boardreaders,Ioméne,Ioméne,no,no,listed_retired_immortal,518,candidate,
2026_06_16_retired_immortals,retired,Boardreaders,Isengrim,Isengrim,no,no,listed_retired_immortal,519,candidate,
2026_06_16_retired_immortals,retired,Boardreaders,Iston,Iston,no,no,listed_retired_immortal,520,candidate,
2026_06_16_retired_immortals,retired,Boardreaders,Ithaldir,Ithaldir,no,no,listed_retired_immortal,521,candidate,
2026_06_16_retired_immortals,retired,Boardreaders,Izzy,Izzy,no,no,listed_retired_immortal,522,candidate,
2026_06_16_retired_immortals,retired,Boardreaders,Jadon,Jadon,no,no,listed_retired_immortal,523,candidate,
2026_06_16_retired_immortals,retired,Boardreaders,Janosik,Janosik,no,no,listed_retired_immortal,524,candidate,
2026_06_16_retired_immortals,retired,Boardreaders,Jeridoc,Jeridoc,no,no,listed_retired_immortal,525,candidate,
2026_06_16_retired_immortals,retired,Boardreaders,Johan,Johan,no,no,listed_retired_immortal,526,candidate,
2026_06_16_retired_immortals,retired,Boardreaders,Jolen,Jolen,no,no,listed_retired_immortal,527,candidate,
2026_06_16_retired_immortals,retired,Boardreaders,Kaen,Kaen,no,no,listed_retired_immortal,528,candidate,
2026_06_16_retired_immortals,retired,Boardreaders,Kamlakh,Kamlakh,no,no,listed_retired_immortal,529,candidate,
2026_06_16_retired_immortals,retired,Boardreaders,Karl,Karl,no,no,listed_retired_immortal,530,candidate,
2026_06_16_retired_immortals,retired,Boardreaders,Karli,Karli,no,no,listed_retired_immortal,531,candidate,
2026_06_16_retired_immortals,retired,Boardreaders,Karvane,Karvane,no,no,listed_retired_immortal,532,candidate,
2026_06_16_retired_immortals,retired,Boardreaders,Katla,Katla,no,no,listed_retired_immortal,533,candidate,
2026_06_16_retired_immortals,retired,Boardreaders,Kaznor,Kaznor,no,no,listed_retired_immortal,534,candidate,
2026_06_16_retired_immortals,retired,Boardreaders,Kaztor,Kaztor,no,no,listed_retired_immortal,535,candidate,
2026_06_16_retired_immortals,retired,Boardreaders,Kefka,Kefka,no,no,listed_retired_immortal,536,candidate,
2026_06_16_retired_immortals,retired,Boardreaders,Keram,Keram,no,no,listed_retired_immortal,537,candidate,
2026_06_16_retired_immortals,retired,Boardreaders,Kerf,Kerf,no,no,listed_retired_immortal,538,candidate,
2026_06_16_retired_immortals,retired,Boardreaders,Kergon,Kergon,no,no,listed_retired_immortal,539,candidate,
2026_06_16_retired_immortals,retired,Boardreaders,Kestrel,Kestrel,no,no,listed_retired_immortal,540,candidate,
2026_06_16_retired_immortals,retired,Boardreaders,Khaldun,Khaldun,no,no,listed_retired_immortal,541,candidate,
2026_06_16_retired_immortals,retired,Boardreaders,Khantar,Khantar,no,no,listed_retired_immortal,542,candidate,
2026_06_16_retired_immortals,retired,Boardreaders,Khatog,Khatog,no,no,listed_retired_immortal,543,candidate,
2026_06_16_retired_immortals,retired,Boardreaders,Kheldur,Kheldur,no,no,listed_retired_immortal,544,candidate,
2026_06_16_retired_immortals,retired,Boardreaders,Khrun,Khrun,no,no,listed_retired_immortal,545,candidate,
2026_06_16_retired_immortals,retired,Boardreaders,Khudum,Khudum,no,no,listed_retired_immortal,546,candidate,
2026_06_16_retired_immortals,retired,Boardreaders,Killillwind,Killillwind,no,no,listed_retired_immortal,547,candidate,
2026_06_16_retired_immortals,retired,Boardreaders,Kizh,Kizh,no,no,listed_retired_immortal,548,candidate,
2026_06_16_retired_immortals,retired,Boardreaders,Kjell,Kjell,no,no,listed_retired_immortal,549,candidate,
2026_06_16_retired_immortals,retired,Boardreaders,Kleftis,Kleftis,no,no,listed_retired_immortal,550,candidate,
2026_06_16_retired_immortals,retired,Boardreaders,Koft,Koft,no,no,listed_retired_immortal,551,candidate,
2026_06_16_retired_immortals,retired,Boardreaders,Kone,Kone,no,no,listed_retired_immortal,552,candidate,
2026_06_16_retired_immortals,retired,Boardreaders,Kovik,Kovik,no,no,listed_retired_immortal,553,candidate,
2026_06_16_retired_immortals,retired,Boardreaders,Kraag,Kraag,no,no,listed_retired_immortal,554,candidate,
2026_06_16_retired_immortals,retired,Boardreaders,Kristian,Kristian,no,no,listed_retired_immortal,555,candidate,
2026_06_16_retired_immortals,retired,Boardreaders,Kron,Kron,no,no,listed_retired_immortal,556,candidate,
2026_06_16_retired_immortals,retired,Boardreaders,Kruel,Kruel,no,no,listed_retired_immortal,557,candidate,
2026_06_16_retired_immortals,retired,Boardreaders,Lancelot,Lancelot,no,no,listed_retired_immortal,558,candidate,
2026_06_16_retired_immortals,retired,Boardreaders,Lancot,Lancot,no,no,listed_retired_immortal,559,candidate,
2026_06_16_retired_immortals,retired,Boardreaders,Landroval,Landroval,no,no,listed_retired_immortal,560,candidate,
2026_06_16_retired_immortals,retired,Boardreaders,Laris,Laris,no,no,listed_retired_immortal,561,candidate,
2026_06_16_retired_immortals,retired,Boardreaders,Larnach,Larnach,no,no,listed_retired_immortal,562,candidate,
2026_06_16_retired_immortals,retired,Boardreaders,Lavabom,Lavabom,no,no,listed_retired_immortal,563,candidate,
2026_06_16_retired_immortals,retired,Boardreaders,Leah,Leah,no,no,listed_retired_immortal,564,candidate,
2026_06_16_retired_immortals,retired,Boardreaders,Lealana,Lealana,no,no,listed_retired_immortal,565,candidate,
2026_06_16_retired_immortals,retired,Boardreaders,Leew,Leew,no,no,listed_retired_immortal,566,candidate,
2026_06_16_retired_immortals,retired,Boardreaders,Legolas,Legolas,no,no,listed_retired_immortal,567,candidate,
2026_06_16_retired_immortals,retired,Boardreaders,Leica,Leica,no,no,listed_retired_immortal,568,candidate,
2026_06_16_retired_immortals,retired,Boardreaders,Leni,Leni,no,no,listed_retired_immortal,569,candidate,
2026_06_16_retired_immortals,retired,Boardreaders,Lenore,Lenore,no,no,listed_retired_immortal,570,candidate,
2026_06_16_retired_immortals,retired,Boardreaders,Lens,Lens,no,no,listed_retired_immortal,571,candidate,
2026_06_16_retired_immortals,retired,Boardreaders,Lilith,Lilith,no,no,listed_retired_immortal,572,candidate,
2026_06_16_retired_immortals,retired,Boardreaders,Líng,Líng,no,no,listed_retired_immortal,573,candidate,
2026_06_16_retired_immortals,retired,Boardreaders,Lionheart,Lionheart,no,no,listed_retired_immortal,574,candidate,
2026_06_16_retired_immortals,retired,Boardreaders,Loke,Loke,no,no,listed_retired_immortal,575,candidate,
2026_06_16_retired_immortals,retired,Boardreaders,Lolatmi,Lolatmi,no,no,listed_retired_immortal,576,candidate,
2026_06_16_retired_immortals,retired,Boardreaders,Loomis,Loomis,no,no,listed_retired_immortal,577,candidate,
2026_06_16_retired_immortals,retired,Boardreaders,Lorena,Lorena,no,no,listed_retired_immortal,578,candidate,
2026_06_16_retired_immortals,retired,Boardreaders,Lospe,Lospe,no,no,listed_retired_immortal,579,candidate,
2026_06_16_retired_immortals,retired,Boardreaders,Loy,Loy,no,no,listed_retired_immortal,580,candidate,
2026_06_16_retired_immortals,retired,Boardreaders,Luke,Luke,no,no,listed_retired_immortal,581,candidate,
2026_06_16_retired_immortals,retired,Boardreaders,Lynwen,Lynwen,no,no,listed_retired_immortal,582,candidate,
2026_06_16_retired_immortals,retired,Boardreaders,Magicus,Magicus,no,no,listed_retired_immortal,583,candidate,
2026_06_16_retired_immortals,retired,Boardreaders,Magnos,Magnos,no,no,listed_retired_immortal,584,candidate,
2026_06_16_retired_immortals,retired,Boardreaders,Majesty,Majesty,no,no,listed_retired_immortal,585,candidate,
2026_06_16_retired_immortals,retired,Boardreaders,Maldagor,Maldagor,no,no,listed_retired_immortal,586,candidate,
2026_06_16_retired_immortals,retired,Boardreaders,Manse,Manse,no,no,listed_retired_immortal,587,candidate,
2026_06_16_retired_immortals,retired,Boardreaders,Martijn,Martijn,no,no,listed_retired_immortal,588,candidate,
2026_06_16_retired_immortals,retired,Boardreaders,Martyr,Martyr,no,no,listed_retired_immortal,589,candidate,
2026_06_16_retired_immortals,retired,Boardreaders,Matarael,Matarael,no,no,listed_retired_immortal,590,candidate,
2026_06_16_retired_immortals,retired,Boardreaders,Maverick,Maverick,no,no,listed_retired_immortal,591,candidate,
2026_06_16_retired_immortals,retired,Boardreaders,Meneldor,Meneldor,no,no,listed_retired_immortal,592,candidate,
2026_06_16_retired_immortals,retired,Boardreaders,Meneldur,Meneldur,no,no,listed_retired_immortal,593,candidate,
2026_06_16_retired_immortals,retired,Boardreaders,Menelos,Menelos,no,no,listed_retired_immortal,594,candidate,
2026_06_16_retired_immortals,retired,Boardreaders,Merg,Merg,no,no,listed_retired_immortal,595,candidate,
2026_06_16_retired_immortals,retired,Boardreaders,Miax,Miax,no,no,listed_retired_immortal,596,candidate,
2026_06_16_retired_immortals,retired,Boardreaders,Midnight,Midnight,no,no,listed_retired_immortal,597,candidate,
2026_06_16_retired_immortals,retired,Boardreaders,Mig,Mig,no,no,listed_retired_immortal,598,candidate,
2026_06_16_retired_immortals,retired,Boardreaders,Miho,Miho,no,no,listed_retired_immortal,599,candidate,
2026_06_16_retired_immortals,retired,Boardreaders,Miia,Miia,no,no,listed_retired_immortal,600,candidate,
2026_06_16_retired_immortals,retired,Boardreaders,Mimbotu,Mimbotu,no,no,listed_retired_immortal,601,candidate,
2026_06_16_retired_immortals,retired,Boardreaders,Mingz,Mingz,no,no,listed_retired_immortal,602,candidate,
2026_06_16_retired_immortals,retired,Boardreaders,Mirimandil,Mirimandil,no,no,listed_retired_immortal,603,candidate,
2026_06_16_retired_immortals,retired,Boardreaders,Moison,Moison,no,no,listed_retired_immortal,604,candidate,
2026_06_16_retired_immortals,retired,Boardreaders,Moosh,Moosh,no,no,listed_retired_immortal,605,candidate,
2026_06_16_retired_immortals,retired,Boardreaders,Mor,Mor,no,no,listed_retired_immortal,606,candidate,
2026_06_16_retired_immortals,retired,Boardreaders,Mordin,Mordin,no,no,listed_retired_immortal,607,candidate,
2026_06_16_retired_immortals,retired,Boardreaders,Mordril,Mordril,no,no,listed_retired_immortal,608,candidate,
2026_06_16_retired_immortals,retired,Boardreaders,Morfizm,Morfizm,no,no,listed_retired_immortal,609,candidate,
2026_06_16_retired_immortals,retired,Boardreaders,Moulder,Moulder,no,no,listed_retired_immortal,610,candidate,
2026_06_16_retired_immortals,retired,Boardreaders,Murogor,Murogor,no,no,listed_retired_immortal,611,candidate,
2026_06_16_retired_immortals,retired,Boardreaders,Muumi,Muumi,no,no,listed_retired_immortal,612,candidate,
2026_06_16_retired_immortals,retired,Boardreaders,Myrador,Myrador,no,no,listed_retired_immortal,613,candidate,
2026_06_16_retired_immortals,retired,Boardreaders,Najden,Najden,no,no,listed_retired_immortal,614,candidate,
2026_06_16_retired_immortals,retired,Boardreaders,Nakki,Nakki,no,no,listed_retired_immortal,615,candidate,
2026_06_16_retired_immortals,retired,Boardreaders,Naks,Naks,no,no,listed_retired_immortal,616,candidate,
2026_06_16_retired_immortals,retired,Boardreaders,Nameless,Nameless,no,no,listed_retired_immortal,617,candidate,
2026_06_16_retired_immortals,retired,Boardreaders,Narond,Narond,no,no,listed_retired_immortal,618,candidate,
2026_06_16_retired_immortals,retired,Boardreaders,Naxis,Naxis,no,no,listed_retired_immortal,619,candidate,
2026_06_16_retired_immortals,retired,Boardreaders,Nazir,Nazir,no,no,listed_retired_immortal,620,candidate,
2026_06_16_retired_immortals,retired,Boardreaders,Neidoles,Neidoles,no,no,listed_retired_immortal,621,candidate,
2026_06_16_retired_immortals,retired,Boardreaders,Neithan,Neithan,no,no,listed_retired_immortal,622,candidate,
2026_06_16_retired_immortals,retired,Boardreaders,Neptune,Neptune,no,no,listed_retired_immortal,623,candidate,
2026_06_16_retired_immortals,retired,Boardreaders,Newc,Newc,no,no,listed_retired_immortal,624,candidate,
2026_06_16_retired_immortals,retired,Boardreaders,Níeat,Níeat,no,no,listed_retired_immortal,625,candidate,
2026_06_16_retired_immortals,retired,Boardreaders,Nightshade,Nightshade,no,no,listed_retired_immortal,626,candidate,
2026_06_16_retired_immortals,retired,Boardreaders,Nightstar,Nightstar,no,no,listed_retired_immortal,627,candidate,
2026_06_16_retired_immortals,retired,Boardreaders,Niisku,Niisku,no,no,listed_retired_immortal,628,candidate,
2026_06_16_retired_immortals,retired,Boardreaders,Njaa,Njaa,no,no,listed_retired_immortal,629,candidate,
2026_06_16_retired_immortals,retired,Boardreaders,Noki,Noki,no,no,listed_retired_immortal,630,candidate,
2026_06_16_retired_immortals,retired,Boardreaders,Nokiel,Nokiel,no,no,listed_retired_immortal,631,candidate,
2026_06_16_retired_immortals,retired,Boardreaders,Norfyr,Norfyr,no,no,listed_retired_immortal,632,candidate,
2026_06_16_retired_immortals,retired,Boardreaders,Nori,Nori,no,no,listed_retired_immortal,633,candidate,
2026_06_16_retired_immortals,retired,Boardreaders,Norton,Norton,no,no,listed_retired_immortal,634,candidate,
2026_06_16_retired_immortals,retired,Boardreaders,Nymne,Nymne,no,no,listed_retired_immortal,635,candidate,
2026_06_16_retired_immortals,retired,Boardreaders,Ociris,Ociris,no,no,listed_retired_immortal,636,candidate,
2026_06_16_retired_immortals,retired,Boardreaders,Ólin,Ólin,no,no,listed_retired_immortal,637,candidate,
2026_06_16_retired_immortals,retired,Boardreaders,Omen,Omen,no,no,listed_retired_immortal,638,candidate,
2026_06_16_retired_immortals,retired,Boardreaders,One,One,no,no,listed_retired_immortal,639,candidate,
2026_06_16_retired_immortals,retired,Boardreaders,Opus,Opus,no,no,listed_retired_immortal,640,candidate,
2026_06_16_retired_immortals,retired,Boardreaders,Ori,Ori,no,no,listed_retired_immortal,641,candidate,
2026_06_16_retired_immortals,retired,Boardreaders,Orm,Orm,no,no,listed_retired_immortal,642,candidate,
2026_06_16_retired_immortals,retired,Boardreaders,Öseler,Öseler,no,no,listed_retired_immortal,643,candidate,
2026_06_16_retired_immortals,retired,Boardreaders,Ossë,Ossë,no,no,listed_retired_immortal,644,candidate,
2026_06_16_retired_immortals,retired,Boardreaders,Overlord,Overlord,no,no,listed_retired_immortal,645,candidate,
2026_06_16_retired_immortals,retired,Boardreaders,Owin,Owin,no,no,listed_retired_immortal,646,candidate,
2026_06_16_retired_immortals,retired,Boardreaders,Ozelot,Ozelot,no,no,listed_retired_immortal,647,candidate,
2026_06_16_retired_immortals,retired,Boardreaders,Paladin,Paladin,no,no,listed_retired_immortal,648,candidate,
2026_06_16_retired_immortals,retired,Boardreaders,Pandelume,Pandelume,no,no,listed_retired_immortal,649,candidate,
2026_06_16_retired_immortals,retired,Boardreaders,Papa,Papa,no,no,listed_retired_immortal,650,candidate,
2026_06_16_retired_immortals,retired,Boardreaders,Patriot,Patriot,no,no,listed_retired_immortal,651,candidate,
2026_06_16_retired_immortals,retired,Boardreaders,Paunch,Paunch,no,no,listed_retired_immortal,652,candidate,
2026_06_16_retired_immortals,retired,Boardreaders,Pendak,Pendak,no,no,listed_retired_immortal,653,candidate,
2026_06_16_retired_immortals,retired,Boardreaders,Phishhead,Phishhead,no,no,listed_retired_immortal,654,candidate,
2026_06_16_retired_immortals,retired,Boardreaders,Pif,Pif,no,no,listed_retired_immortal,655,candidate,
2026_06_16_retired_immortals,retired,Boardreaders,Pilsner,Pilsner,no,no,listed_retired_immortal,656,candidate,
2026_06_16_retired_immortals,retired,Boardreaders,Piter,Piter,no,no,listed_retired_immortal,657,candidate,
2026_06_16_retired_immortals,retired,Boardreaders,Pong,Pong,no,no,listed_retired_immortal,658,candidate,
2026_06_16_retired_immortals,retired,Boardreaders,Prabowo,Prabowo,no,no,listed_retired_immortal,659,candidate,
2026_06_16_retired_immortals,retired,Boardreaders,Prami,Prami,no,no,listed_retired_immortal,660,candidate,
2026_06_16_retired_immortals,retired,Boardreaders,Quack,Quack,no,no,listed_retired_immortal,661,candidate,
2026_06_16_retired_immortals,retired,Boardreaders,Quende,Quende,no,no,listed_retired_immortal,662,candidate,
2026_06_16_retired_immortals,retired,Boardreaders,Quic,Quic,no,no,listed_retired_immortal,663,candidate,
2026_06_16_retired_immortals,retired,Boardreaders,Ramon,Ramon,no,no,listed_retired_immortal,664,candidate,
2026_06_16_retired_immortals,retired,Boardreaders,Rangga,Rangga,no,no,listed_retired_immortal,665,candidate,
2026_06_16_retired_immortals,retired,Boardreaders,Ranoc,Ranoc,no,no,listed_retired_immortal,666,candidate,
2026_06_16_retired_immortals,retired,Boardreaders,Raudkael,Raudkael,no,no,listed_retired_immortal,667,candidate,
2026_06_16_retired_immortals,retired,Boardreaders,Raul,Raul,no,no,listed_retired_immortal,668,candidate,
2026_06_16_retired_immortals,retired,Boardreaders,Rayden,Rayden,no,no,listed_retired_immortal,669,candidate,
2026_06_16_retired_immortals,retired,Boardreaders,Razer,Razer,no,no,listed_retired_immortal,670,candidate,
2026_06_16_retired_immortals,retired,Boardreaders,Rebel,Rebel,no,no,listed_retired_immortal,671,candidate,
2026_06_16_retired_immortals,retired,Boardreaders,Reddas,Reddas,no,no,listed_retired_immortal,672,candidate,
2026_06_16_retired_immortals,retired,Boardreaders,Reider,Reider,no,no,listed_retired_immortal,673,candidate,
2026_06_16_retired_immortals,retired,Boardreaders,Relkin,Relkin,no,no,listed_retired_immortal,674,candidate,
2026_06_16_retired_immortals,retired,Boardreaders,Rhuler,Rhuler,no,no,listed_retired_immortal,675,candidate,
2026_06_16_retired_immortals,retired,Boardreaders,Rick,Rick,no,no,listed_retired_immortal,676,candidate,
2026_06_16_retired_immortals,retired,Boardreaders,Riven,Riven,no,no,listed_retired_immortal,677,candidate,
2026_06_16_retired_immortals,retired,Boardreaders,Rob,Rob,no,no,listed_retired_immortal,678,candidate,
2026_06_16_retired_immortals,retired,Boardreaders,Robit,Robit,no,no,listed_retired_immortal,679,candidate,
2026_06_16_retired_immortals,retired,Boardreaders,Röhic,Röhic,no,no,listed_retired_immortal,680,candidate,
2026_06_16_retired_immortals,retired,Boardreaders,Roman,Roman,no,no,listed_retired_immortal,681,candidate,
2026_06_16_retired_immortals,retired,Boardreaders,Roo,Roo,no,no,listed_retired_immortal,682,candidate,
2026_06_16_retired_immortals,retired,Boardreaders,Rowin,Rowin,no,no,listed_retired_immortal,683,candidate,
2026_06_16_retired_immortals,retired,Boardreaders,Rubrik,Rubrik,no,no,listed_retired_immortal,684,candidate,
2026_06_16_retired_immortals,retired,Boardreaders,Rumil,Rumil,no,no,listed_retired_immortal,685,candidate,
2026_06_16_retired_immortals,retired,Boardreaders,Ryubi,Ryubi,no,no,listed_retired_immortal,686,candidate,
2026_06_16_retired_immortals,retired,Boardreaders,Sabat,Sabat,no,no,listed_retired_immortal,687,candidate,
2026_06_16_retired_immortals,retired,Boardreaders,Sabbath,Sabbath,no,no,listed_retired_immortal,688,candidate,
2026_06_16_retired_immortals,retired,Boardreaders,Sally,Sally,no,no,listed_retired_immortal,689,candidate,
2026_06_16_retired_immortals,retired,Boardreaders,Salmar,Salmar,no,no,listed_retired_immortal,690,candidate,
2026_06_16_retired_immortals,retired,Boardreaders,Samwe,Samwe,no,no,listed_retired_immortal,691,candidate,
2026_06_16_retired_immortals,retired,Boardreaders,Sarin,Sarin,no,no,listed_retired_immortal,692,candidate,
2026_06_16_retired_immortals,retired,Boardreaders,Sarmarnuna,Sarmarnuna,no,no,listed_retired_immortal,693,candidate,
2026_06_16_retired_immortals,retired,Boardreaders,Savonn,Savonn,no,no,listed_retired_immortal,694,candidate,
2026_06_16_retired_immortals,retired,Boardreaders,Schard,Schard,no,no,listed_retired_immortal,695,candidate,
2026_06_16_retired_immortals,retired,Boardreaders,Scott,Scott,no,no,listed_retired_immortal,696,candidate,
2026_06_16_retired_immortals,retired,Boardreaders,Scyld,Scyld,no,no,listed_retired_immortal,697,candidate,
2026_06_16_retired_immortals,retired,Boardreaders,Sephrenio,Sephrenio,no,no,listed_retired_immortal,698,candidate,
2026_06_16_retired_immortals,retired,Boardreaders,Seregon,Seregon,no,no,listed_retired_immortal,699,candidate,
2026_06_16_retired_immortals,retired,Boardreaders,Serodi,Serodi,no,no,listed_retired_immortal,700,candidate,
2026_06_16_retired_immortals,retired,Boardreaders,Shai,Shai,no,no,listed_retired_immortal,701,candidate,
2026_06_16_retired_immortals,retired,Boardreaders,Shiara,Shiara,no,no,listed_retired_immortal,702,candidate,
2026_06_16_retired_immortals,retired,Boardreaders,Shilior,Shilior,no,no,listed_retired_immortal,703,candidate,
2026_06_16_retired_immortals,retired,Boardreaders,Shrouded,Shrouded,no,no,listed_retired_immortal,704,candidate,
2026_06_16_retired_immortals,retired,Boardreaders,Shura,Shura,no,no,listed_retired_immortal,705,candidate,
2026_06_16_retired_immortals,retired,Boardreaders,Siamir,Siamir,no,no,listed_retired_immortal,706,candidate,
2026_06_16_retired_immortals,retired,Boardreaders,Silenoz,Silenoz,no,no,listed_retired_immortal,707,candidate,
2026_06_16_retired_immortals,retired,Boardreaders,Silmaesul,Silmaesul,no,no,listed_retired_immortal,708,candidate,
2026_06_16_retired_immortals,retired,Boardreaders,Silvermagi,Silvermagi,no,no,listed_retired_immortal,709,candidate,
2026_06_16_retired_immortals,retired,Boardreaders,Silvershadow,Silvershadow,no,no,listed_retired_immortal,710,candidate,
2026_06_16_retired_immortals,retired,Boardreaders,Sim,Sim,no,no,listed_retired_immortal,711,candidate,
2026_06_16_retired_immortals,retired,Boardreaders,Singleton,Singleton,no,no,listed_retired_immortal,712,candidate,
2026_06_16_retired_immortals,retired,Boardreaders,Siw,Siw,no,no,listed_retired_immortal,713,candidate,
2026_06_16_retired_immortals,retired,Boardreaders,Slash,Slash,no,no,listed_retired_immortal,714,candidate,
2026_06_16_retired_immortals,retired,Boardreaders,SledgeHammer,SledgeHammer,no,no,listed_retired_immortal,715,candidate,
2026_06_16_retired_immortals,retired,Boardreaders,Smiling,Smiling,no,no,listed_retired_immortal,716,candidate,
2026_06_16_retired_immortals,retired,Boardreaders,Smokey,Smokey,no,no,listed_retired_immortal,717,candidate,
2026_06_16_retired_immortals,retired,Boardreaders,Sneaky,Sneaky,no,no,listed_retired_immortal,718,candidate,
2026_06_16_retired_immortals,retired,Boardreaders,Snom,Snom,no,no,listed_retired_immortal,719,candidate,
2026_06_16_retired_immortals,retired,Boardreaders,Someone,Someone,no,no,listed_retired_immortal,720,candidate,
2026_06_16_retired_immortals,retired,Boardreaders,Spin,Spin,no,no,listed_retired_immortal,721,candidate,
2026_06_16_retired_immortals,retired,Boardreaders,Sprocket,Sprocket,no,no,listed_retired_immortal,722,candidate,
2026_06_16_retired_immortals,retired,Boardreaders,Spud,Spud,no,no,listed_retired_immortal,723,candidate,
2026_06_16_retired_immortals,retired,Boardreaders,Stadi,Stadi,no,no,listed_retired_immortal,724,candidate,
2026_06_16_retired_immortals,retired,Boardreaders,Steele,Steele,no,no,listed_retired_immortal,725,candidate,
2026_06_16_retired_immortals,retired,Boardreaders,Stigur,Stigur,no,no,listed_retired_immortal,726,candidate,
2026_06_16_retired_immortals,retired,Boardreaders,Stiletto,Stiletto,no,no,listed_retired_immortal,727,candidate,
2026_06_16_retired_immortals,retired,Boardreaders,Stranger,Stranger,no,no,listed_retired_immortal,728,candidate,
2026_06_16_retired_immortals,retired,Boardreaders,Stryker,Stryker,no,no,listed_retired_immortal,729,candidate,
2026_06_16_retired_immortals,retired,Boardreaders,Tadej,Tadej,no,no,listed_retired_immortal,730,candidate,
2026_06_16_retired_immortals,retired,Boardreaders,Talen,Talen,no,no,listed_retired_immortal,731,candidate,
2026_06_16_retired_immortals,retired,Boardreaders,Tamerlane,Tamerlane,no,no,listed_retired_immortal,732,candidate,
2026_06_16_retired_immortals,retired,Boardreaders,Tanith,Tanith,no,no,listed_retired_immortal,733,candidate,
2026_06_16_retired_immortals,retired,Boardreaders,Tchans,Tchans,no,no,listed_retired_immortal,734,candidate,
2026_06_16_retired_immortals,retired,Boardreaders,Telcontar,Telcontar,no,no,listed_retired_immortal,735,candidate,
2026_06_16_retired_immortals,retired,Boardreaders,Tellah,Tellah,no,no,listed_retired_immortal,736,candidate,
2026_06_16_retired_immortals,retired,Boardreaders,Temdor,Temdor,no,no,listed_retired_immortal,737,candidate,
2026_06_16_retired_immortals,retired,Boardreaders,Terminator,Terminator,no,no,listed_retired_immortal,738,candidate,
2026_06_16_retired_immortals,retired,Boardreaders,Tessier,Tessier,no,no,listed_retired_immortal,739,candidate,
2026_06_16_retired_immortals,retired,Boardreaders,Teya,Teya,no,no,listed_retired_immortal,740,candidate,
2026_06_16_retired_immortals,retired,Boardreaders,Themys,Themys,no,no,listed_retired_immortal,741,candidate,
2026_06_16_retired_immortals,retired,Boardreaders,Théomil,Théomil,no,no,listed_retired_immortal,742,candidate,
2026_06_16_retired_immortals,retired,Boardreaders,Thoroner,Thoroner,no,no,listed_retired_immortal,743,candidate,
2026_06_16_retired_immortals,retired,Boardreaders,Thrust,Thrust,no,no,listed_retired_immortal,744,candidate,
2026_06_16_retired_immortals,retired,Boardreaders,Thuran,Thuran,no,no,listed_retired_immortal,745,candidate,
2026_06_16_retired_immortals,retired,Boardreaders,Timbulimbu,Timbulimbu,no,no,listed_retired_immortal,746,candidate,
2026_06_16_retired_immortals,retired,Boardreaders,Tippy,Tippy,no,no,listed_retired_immortal,747,candidate,
2026_06_16_retired_immortals,retired,Boardreaders,Titus,Titus,no,no,listed_retired_immortal,748,candidate,
2026_06_16_retired_immortals,retired,Boardreaders,TLB,TLB,no,no,listed_retired_immortal,749,candidate,
2026_06_16_retired_immortals,retired,Boardreaders,Torak,Torak,no,no,listed_retired_immortal,750,candidate,
2026_06_16_retired_immortals,retired,Boardreaders,Tsort,Tsort,no,no,listed_retired_immortal,751,candidate,
2026_06_16_retired_immortals,retired,Boardreaders,Tylina,Tylina,no,no,listed_retired_immortal,752,candidate,
2026_06_16_retired_immortals,retired,Boardreaders,Tyr,Tyr,no,no,listed_retired_immortal,753,candidate,
2026_06_16_retired_immortals,retired,Boardreaders,Ugly,Ugly,no,no,listed_retired_immortal,754,candidate,
2026_06_16_retired_immortals,retired,Boardreaders,Ulbo,Ulbo,no,no,listed_retired_immortal,755,candidate,
2026_06_16_retired_immortals,retired,Boardreaders,Ulixes,Ulixes,no,no,listed_retired_immortal,756,candidate,
2026_06_16_retired_immortals,retired,Boardreaders,Ulynn,Ulynn,no,no,listed_retired_immortal,757,candidate,
2026_06_16_retired_immortals,retired,Boardreaders,Urdorf,Urdorf,no,no,listed_retired_immortal,758,candidate,
2026_06_16_retired_immortals,retired,Boardreaders,Urso,Urso,no,no,listed_retired_immortal,759,candidate,
2026_06_16_retired_immortals,retired,Boardreaders,Vai,Vai,no,no,listed_retired_immortal,760,candidate,
2026_06_16_retired_immortals,retired,Boardreaders,Valdórë,Valdórë,no,no,listed_retired_immortal,761,candidate,
2026_06_16_retired_immortals,retired,Boardreaders,Velkin,Velkin,no,no,listed_retired_immortal,762,candidate,
2026_06_16_retired_immortals,retired,Boardreaders,Verona,Verona,no,no,listed_retired_immortal,763,candidate,
2026_06_16_retired_immortals,retired,Boardreaders,Vico,Vico,no,no,listed_retired_immortal,764,candidate,
2026_06_16_retired_immortals,retired,Boardreaders,Vierna,Vierna,no,no,listed_retired_immortal,765,candidate,
2026_06_16_retired_immortals,retired,Boardreaders,Víggo,Víggo,no,no,listed_retired_immortal,766,candidate,
2026_06_16_retired_immortals,retired,Boardreaders,Vigo,Vigo,no,no,listed_retired_immortal,767,candidate,
2026_06_16_retired_immortals,retired,Boardreaders,Violith,Violith,no,no,listed_retired_immortal,768,candidate,
2026_06_16_retired_immortals,retired,Boardreaders,Vürogue,Vürogue,no,no,listed_retired_immortal,769,candidate,
2026_06_16_retired_immortals,retired,Boardreaders,Ween,Ween,no,no,listed_retired_immortal,770,candidate,
2026_06_16_retired_immortals,retired,Boardreaders,Wilderon,Wilderon,no,no,listed_retired_immortal,771,candidate,
2026_06_16_retired_immortals,retired,Boardreaders,Wiz,Wiz,no,no,listed_retired_immortal,772,candidate,
2026_06_16_retired_immortals,retired,Boardreaders,Wormtongue,Wormtongue,no,no,listed_retired_immortal,773,candidate,
2026_06_16_retired_immortals,retired,Boardreaders,Wryak,Wryak,no,no,listed_retired_immortal,774,candidate,
2026_06_16_retired_immortals,retired,Boardreaders,Wuji,Wuji,no,no,listed_retired_immortal,775,candidate,
2026_06_16_retired_immortals,retired,Boardreaders,Wulfgart,Wulfgart,no,no,listed_retired_immortal,776,candidate,
2026_06_16_retired_immortals,retired,Boardreaders,Xargon,Xargon,no,no,listed_retired_immortal,777,candidate,
2026_06_16_retired_immortals,retired,Boardreaders,Xcrxx,Xcrxx,no,no,listed_retired_immortal,778,candidate,
2026_06_16_retired_immortals,retired,Boardreaders,Xero,Xero,no,no,listed_retired_immortal,779,candidate,
2026_06_16_retired_immortals,retired,Boardreaders,Xit,Xit,no,no,listed_retired_immortal,780,candidate,
2026_06_16_retired_immortals,retired,Boardreaders,Yager,Yager,no,no,listed_retired_immortal,781,candidate,
2026_06_16_retired_immortals,retired,Boardreaders,Yarin,Yarin,no,no,listed_retired_immortal,782,candidate,
2026_06_16_retired_immortals,retired,Boardreaders,Ydy,Ydy,no,no,listed_retired_immortal,783,candidate,
2026_06_16_retired_immortals,retired,Boardreaders,Yim,Yim,no,no,listed_retired_immortal,784,candidate,
2026_06_16_retired_immortals,retired,Boardreaders,Yki,Yki,no,no,listed_retired_immortal,785,candidate,
2026_06_16_retired_immortals,retired,Boardreaders,Yks,Yks,no,no,listed_retired_immortal,786,candidate,
2026_06_16_retired_immortals,retired,Boardreaders,Ynket,Ynket,no,no,listed_retired_immortal,787,candidate,
2026_06_16_retired_immortals,retired,Boardreaders,Ytinas,Ytinas,no,no,listed_retired_immortal,788,candidate,
2026_06_16_retired_immortals,retired,Boardreaders,Yukie,Yukie,no,no,listed_retired_immortal,789,candidate,
2026_06_16_retired_immortals,retired,Boardreaders,Zachariah,Zachariah,no,no,listed_retired_immortal,790,candidate,
2026_06_16_retired_immortals,retired,Boardreaders,Zen,Zen,no,no,listed_retired_immortal,791,candidate,
2026_06_16_retired_immortals,retired,Boardreaders,Zenon,Zenon,no,no,listed_retired_immortal,792,candidate,
2026_06_16_retired_immortals,retired,Boardreaders,Zerototh,Zerototh,no,no,listed_retired_immortal,793,candidate,
2026_06_16_retired_immortals,retired,Boardreaders,Zeus,Zeus,no,no,listed_retired_immortal,794,candidate,
2026_06_16_retired_immortals,retired,Boardreaders,Zhot,Zhot,no,no,listed_retired_immortal,795,candidate,
2026_06_16_retired_immortals,retired,Boardreaders,Zimri,Zimri,no,no,listed_retired_immortal,796,candidate,
2026_06_16_retired_immortals,retired,Boardreaders,Zlam,Zlam,no,no,listed_retired_immortal,797,candidate,
2026_06_16_retired_immortals,retired,Boardreaders,Zlinduq,Zlinduq,no,no,listed_retired_immortal,798,candidate,
2026_06_16_retired_immortals,retired,True Legend,Norsu,Norsu,no,yes,honorary_immortal,799,candidate,First character to reach level 100; honorary immortal.
